test_id,family_id,adjustment_method,analysis,gene,group_variable,genotype_variable,case,reference,contrast,effect_definition,n_case,n_reference,n_total,ia_case,normal_case,ia_reference,normal_reference,ia_pct_case,ia_pct_reference,odds_ratio,conf_low,conf_high,p_raw,p_adj,significant_raw,significant_adjusted
IA__ATXN1__MAIN_DIAGNOSIS__BD__vs__SCZ,A_IA_DIAGNOSIS,holm,IA frequency: main diagnostic comparison,ATXN1,PATHOLOGY,ATXN1_CODE,BD,SCZ,BD vs SCZ,OR = odds(IA in case) / odds(IA in reference),329,234,563,37,292,11,223,11.246200607902736,4.700854700854701,2.5648274634290265,1.2467663711555428,5.704022885786879,0.005793253875976773,0.15641785465137287,TRUE,FALSE
IA__HTT__BD_SUBTYPE__BD-I__vs__CONTROL,A_IA_DIAGNOSIS,holm,IA frequency: BD subtype comparison,HTT,PATHOLOGY_TYPE_BINARY,HTT_CODE,BD-I,CONTROL,BD-I vs CONTROL,OR = odds(IA in case) / odds(IA in reference),214,1039,1253,19,195,46,993,8.878504672897197,4.427333974975938,2.1018370802258692,1.1370058936418266,3.752725681629796,0.010902216757605767,0.28345763569774995,TRUE,FALSE
IA__HTT__MAIN_DIAGNOSIS__BD__vs__CONTROL,A_IA_DIAGNOSIS,holm,IA frequency: main diagnostic comparison,HTT,PATHOLOGY,HTT_CODE,BD,CONTROL,BD vs CONTROL,OR = odds(IA in case) / odds(IA in reference),328,1039,1367,25,303,46,993,7.621951219512195,4.427333974975938,1.7802136105232942,1.029839665560004,3.015189464086257,0.031304676960838426,0.7826169240209606,TRUE,FALSE
IA__ATXN1__MAIN_DIAGNOSIS__BD__vs__CONTROL,A_IA_DIAGNOSIS,holm,IA frequency: main diagnostic comparison,ATXN1,PATHOLOGY,ATXN1_CODE,BD,CONTROL,BD vs CONTROL,OR = odds(IA in case) / odds(IA in reference),329,940,1269,37,292,74,866,11.246200607902736,7.872340425531915,1.4823811145708798,0.9491528408393444,2.2835132450702353,0.0695839482147131,1,FALSE,FALSE
IA__ATXN1__BD_SUBTYPE__Other__vs__CONTROL,A_IA_DIAGNOSIS,holm,IA frequency: BD subtype comparison,ATXN1,PATHOLOGY_TYPE_BINARY,ATXN1_CODE,Other,CONTROL,Other vs CONTROL,OR = odds(IA in case) / odds(IA in reference),101,940,1041,13,88,74,866,12.871287128712872,7.872340425531915,1.7277194133036005,0.8442703587938218,3.2995962232124882,0.08941130466389723,1,FALSE,FALSE
IA__ATXN1__MAIN_DIAGNOSIS__SCZ__vs__CONTROL,A_IA_DIAGNOSIS,holm,IA frequency: main diagnostic comparison,ATXN1,PATHOLOGY,ATXN1_CODE,SCZ,CONTROL,SCZ vs CONTROL,OR = odds(IA in case) / odds(IA in reference),234,940,1174,11,223,74,866,4.700854700854701,7.872340425531915,0.5775206903819311,0.2716573652581651,1.1181028115867564,0.11974625191249881,1,FALSE,FALSE
IA__ATXN1__SCZ_SUBTYPE__SCZ__vs__CONTROL,A_IA_DIAGNOSIS,holm,IA frequency: SCZ subtype comparison,ATXN1,PATHOLOGY_TYPE_BINARY,ATXN1_CODE,SCZ,CONTROL,SCZ vs CONTROL,OR = odds(IA in case) / odds(IA in reference),203,940,1143,10,193,74,866,4.926108374384237,7.872340425531915,0.606601570508902,0.2742612006396514,1.2073598993540955,0.18108236527948895,1,FALSE,FALSE
IA__ATXN2__SCZ_SUBTYPE__SCZ__vs__Other,A_IA_DIAGNOSIS,holm,IA frequency: SCZ subtype comparison,ATXN2,PATHOLOGY_TYPE_BINARY,ATXN2_CODE,SCZ,Other,SCZ vs Other,OR = odds(IA in case) / odds(IA in reference),202,28,230,5,197,2,26,2.4752475247524752,7.142857142857143,0.3322459858639868,0.051103183489917596,3.656798651235324,0.20423472421407,1,FALSE,FALSE
IA__HTT__SCZ_SUBTYPE__SCZ__vs__CONTROL,A_IA_DIAGNOSIS,holm,IA frequency: SCZ subtype comparison,HTT,PATHOLOGY_TYPE_BINARY,HTT_CODE,SCZ,CONTROL,SCZ vs CONTROL,OR = odds(IA in case) / odds(IA in reference),203,1039,1242,13,190,46,993,6.403940886699507,4.427333974975938,1.476479925265443,0.7174122715342598,2.8456819036726393,0.21132613787391039,1,FALSE,FALSE
IA__ATXN2__SCZ_SUBTYPE__SCZ__vs__CONTROL,A_IA_DIAGNOSIS,holm,IA frequency: SCZ subtype comparison,ATXN2,PATHOLOGY_TYPE_BINARY,ATXN2_CODE,SCZ,CONTROL,SCZ vs CONTROL,OR = odds(IA in case) / odds(IA in reference),202,932,1134,5,197,43,889,2.4752475247524752,4.613733905579399,0.5249861727307944,0.16022025067578224,1.3467709005577886,0.24519907310366737,1,FALSE,FALSE
IA__ATXN2__MAIN_DIAGNOSIS__BD__vs__SCZ,A_IA_DIAGNOSIS,holm,IA frequency: main diagnostic comparison,ATXN2,PATHOLOGY,ATXN2_CODE,BD,SCZ,BD vs SCZ,OR = odds(IA in case) / odds(IA in reference),328,233,561,17,311,7,226,5.182926829268292,3.004291845493562,1.7631266915326915,0.6809664530471766,5.115838573265423,0.28983502404562145,1,FALSE,FALSE
IA__ATXN2__MAIN_DIAGNOSIS__SCZ__vs__CONTROL,A_IA_DIAGNOSIS,holm,IA frequency: main diagnostic comparison,ATXN2,PATHOLOGY,ATXN2_CODE,SCZ,CONTROL,SCZ vs CONTROL,OR = odds(IA in case) / odds(IA in reference),233,932,1165,7,226,43,889,3.004291845493562,4.613733905579399,0.6405853100104512,0.23988545434979372,1.4617642295580666,0.3659674718852254,1,FALSE,FALSE
IA__HTT__SCZ_SUBTYPE__SCZ__vs__Other,A_IA_DIAGNOSIS,holm,IA frequency: SCZ subtype comparison,HTT,PATHOLOGY_TYPE_BINARY,HTT_CODE,SCZ,Other,SCZ vs Other,OR = odds(IA in case) / odds(IA in reference),203,28,231,13,190,0,28,6.403940886699507,0,Inf,0.4202515757095733,Inf,0.37594849380860285,1,FALSE,FALSE
IA__ATXN2__SCZ_SUBTYPE__Other__vs__CONTROL,A_IA_DIAGNOSIS,holm,IA frequency: SCZ subtype comparison,ATXN2,PATHOLOGY_TYPE_BINARY,ATXN2_CODE,Other,CONTROL,Other vs CONTROL,OR = odds(IA in case) / odds(IA in reference),28,932,960,2,26,43,889,7.142857142857143,4.613733905579399,1.5893878405839,0.1771507070109622,6.708803028420636,0.38164319005827463,1,FALSE,FALSE
IA__HTT__MAIN_DIAGNOSIS__BD__vs__SCZ,A_IA_DIAGNOSIS,holm,IA frequency: main diagnostic comparison,HTT,PATHOLOGY,HTT_CODE,BD,SCZ,BD vs SCZ,OR = odds(IA in case) / odds(IA in reference),328,234,562,25,303,13,221,7.621951219512195,5.555555555555555,1.4018190175629155,0.6729441091602304,3.0545356864052158,0.3958826569025888,1,FALSE,FALSE
IA__ATXN1__BD_SUBTYPE__BD-I__vs__CONTROL,A_IA_DIAGNOSIS,holm,IA frequency: BD subtype comparison,ATXN1,PATHOLOGY_TYPE_BINARY,ATXN1_CODE,BD-I,CONTROL,BD-I vs CONTROL,OR = odds(IA in case) / odds(IA in reference),215,940,1155,21,194,74,866,9.767441860465116,7.872340425531915,1.2665115848469057,0.722346027737433,2.1403441294398617,0.4083600886526697,1,FALSE,FALSE
IA__ATXN1__BD_SUBTYPE__BD-I__vs__Other,A_IA_DIAGNOSIS,holm,IA frequency: BD subtype comparison,ATXN1,PATHOLOGY_TYPE_BINARY,ATXN1_CODE,BD-I,Other,BD-I vs Other,OR = odds(IA in case) / odds(IA in reference),215,101,316,21,194,13,88,9.767441860465116,12.871287128712872,0.7334798136864347,0.3328031753336208,1.671858401588837,0.4383185136499314,1,FALSE,FALSE
IA__HTT__BD_SUBTYPE__Other__vs__CONTROL,A_IA_DIAGNOSIS,holm,IA frequency: BD subtype comparison,HTT,PATHOLOGY_TYPE_BINARY,HTT_CODE,Other,CONTROL,Other vs CONTROL,OR = odds(IA in case) / odds(IA in reference),101,1039,1140,6,95,46,993,5.9405940594059405,4.427333974975938,1.362966416413212,0.46357942017068593,3.3147618984706257,0.4531590933586576,1,FALSE,FALSE
IA__ATXN2__BD_SUBTYPE__Other__vs__CONTROL,A_IA_DIAGNOSIS,holm,IA frequency: BD subtype comparison,ATXN2,PATHOLOGY_TYPE_BINARY,ATXN2_CODE,Other,CONTROL,Other vs CONTROL,OR = odds(IA in case) / odds(IA in reference),101,932,1033,6,95,43,889,5.9405940594059405,4.613733905579399,1.3053790967689218,0.44241221670532344,3.1915794191803073,0.4678136768772529,1,FALSE,FALSE
IA__HTT__MAIN_DIAGNOSIS__SCZ__vs__CONTROL,A_IA_DIAGNOSIS,holm,IA frequency: main diagnostic comparison,HTT,PATHOLOGY,HTT_CODE,SCZ,CONTROL,SCZ vs CONTROL,OR = odds(IA in case) / odds(IA in reference),234,1039,1273,13,221,46,993,5.555555555555555,4.427333974975938,1.2695658634050921,0.6183034252201609,2.4401163654867517,0.49030607893353517,1,FALSE,FALSE
IA__HTT__BD_SUBTYPE__BD-I__vs__Other,A_IA_DIAGNOSIS,holm,IA frequency: BD subtype comparison,HTT,PATHOLOGY_TYPE_BINARY,HTT_CODE,BD-I,Other,BD-I vs Other,OR = odds(IA in case) / odds(IA in reference),214,101,315,19,195,6,95,8.878504672897197,5.9405940594059405,1.5407620065823258,0.5677609083611705,4.8716353869287925,0.5035917126059671,1,FALSE,FALSE
IA__HTT__SCZ_SUBTYPE__Other__vs__CONTROL,A_IA_DIAGNOSIS,holm,IA frequency: SCZ subtype comparison,HTT,PATHOLOGY_TYPE_BINARY,HTT_CODE,Other,CONTROL,Other vs CONTROL,OR = odds(IA in case) / odds(IA in reference),28,1039,1067,0,28,46,993,0,4.427333974975938,0,0,3.1615919607041114,0.6288149253881365,1,FALSE,FALSE
IA__ATXN2__MAIN_DIAGNOSIS__BD__vs__CONTROL,A_IA_DIAGNOSIS,holm,IA frequency: main diagnostic comparison,ATXN2,PATHOLOGY,ATXN2_CODE,BD,CONTROL,BD vs CONTROL,OR = odds(IA in case) / odds(IA in reference),328,932,1260,17,311,43,889,5.182926829268292,4.613733905579399,1.1299857828169866,0.595021593038274,2.0581302898628104,0.6535275048713093,1,FALSE,FALSE
IA__ATXN1__SCZ_SUBTYPE__Other__vs__CONTROL,A_IA_DIAGNOSIS,holm,IA frequency: SCZ subtype comparison,ATXN1,PATHOLOGY_TYPE_BINARY,ATXN1_CODE,Other,CONTROL,Other vs CONTROL,OR = odds(IA in case) / odds(IA in reference),28,940,968,1,27,74,866,3.5714285714285716,7.872340425531915,0.433702910206033,0.010450205731967562,2.7104395773625543,0.7174808709627669,1,FALSE,FALSE
IA__ATXN2__BD_SUBTYPE__BD-I__vs__CONTROL,A_IA_DIAGNOSIS,holm,IA frequency: BD subtype comparison,ATXN2,PATHOLOGY_TYPE_BINARY,ATXN2_CODE,BD-I,CONTROL,BD-I vs CONTROL,OR = odds(IA in case) / odds(IA in reference),214,932,1146,11,203,43,889,5.140186915887851,4.613733905579399,1.120198939294241,0.5117611766628649,2.256940117129669,0.721611835671009,1,FALSE,FALSE
IA__ATXN2__BD_SUBTYPE__BD-I__vs__Other,A_IA_DIAGNOSIS,holm,IA frequency: BD subtype comparison,ATXN2,PATHOLOGY_TYPE_BINARY,ATXN2_CODE,BD-I,Other,BD-I vs Other,OR = odds(IA in case) / odds(IA in reference),214,101,315,11,203,6,95,5.140186915887851,5.9405940594059405,0.8584010890927573,0.28094338909322714,2.914741473189239,0.7921974956533491,1,FALSE,FALSE
IA__ATXN1__SCZ_SUBTYPE__SCZ__vs__Other,A_IA_DIAGNOSIS,holm,IA frequency: SCZ subtype comparison,ATXN1,PATHOLOGY_TYPE_BINARY,ATXN1_CODE,SCZ,Other,SCZ vs Other,OR = odds(IA in case) / odds(IA in reference),203,28,231,10,193,1,27,4.926108374384237,3.5714285714285716,1.397154254708188,0.1851750886770541,62.91755114117754,1,1,FALSE,FALSE
IA__ATXN1__BD_COGNITIVE__CD__vs__CONTROL,C_IA_COGNITIVE,BH,Exploratory IA frequency: cognitive status in BD,ATXN1,CD_BINARY,ATXN1_CODE,CD,CONTROL,CD vs CONTROL,OR = odds(IA in case) / odds(IA in reference),199,940,1139,25,174,74,866,12.56281407035176,7.872340425531915,1.680544747803335,0.9933143853457208,2.7663462415310405,0.03783591083975671,0.41345737753830836,TRUE,FALSE
IA__HTT__BD_COGNITIVE__CD__vs__CONTROL,C_IA_COGNITIVE,BH,Exploratory IA frequency: cognitive status in BD,HTT,CD_BINARY,HTT_CODE,CD,CONTROL,CD vs CONTROL,OR = odds(IA in case) / odds(IA in reference),199,1039,1238,16,183,46,993,8.040201005025125,4.427333974975938,1.8861154706184682,0.9748538955561544,3.482488627119283,0.048534169208032364,0.41345737753830836,TRUE,FALSE
IA__HTT__SCZ_COGNITIVE__No-CD__vs__CONTROL,C_IA_COGNITIVE,BH,Exploratory IA frequency: cognitive status in SCZ,HTT,CD_BINARY,HTT_CODE,No-CD,CONTROL,No-CD vs CONTROL,OR = odds(IA in case) / odds(IA in reference),34,1039,1073,4,30,46,993,11.764705882352942,4.427333974975938,2.87380686021036,0.7061987338370626,8.662332670710724,0.06890956292305139,0.41345737753830836,FALSE,FALSE
IA__HTT__SCZ_COGNITIVE__CD__vs__No-CD,C_IA_COGNITIVE,BH,Exploratory IA frequency: cognitive status in SCZ,HTT,CD_BINARY,HTT_CODE,CD,No-CD,CD vs No-CD,OR = odds(IA in case) / odds(IA in reference),182,34,216,9,173,4,30,4.945054945054945,11.764705882352942,0.3923878164295882,0.10124117200967644,1.855838937163503,0.12870884470626354,0.579189801178186,FALSE,FALSE
IA__ATXN2__SCZ_COGNITIVE__CD__vs__CONTROL,C_IA_COGNITIVE,BH,Exploratory IA frequency: cognitive status in SCZ,ATXN2,CD_BINARY,ATXN2_CODE,CD,CONTROL,CD vs CONTROL,OR = odds(IA in case) / odds(IA in reference),181,932,1113,4,177,43,889,2.2099447513812156,4.613733905579399,0.4674757495644946,0.12034438751188041,1.3105062726192465,0.16122679135536136,0.5804164488793009,FALSE,FALSE
IA__HTT__BD_COGNITIVE__No-CD__vs__CONTROL,C_IA_COGNITIVE,BH,Exploratory IA frequency: cognitive status in BD,HTT,CD_BINARY,HTT_CODE,No-CD,CONTROL,No-CD vs CONTROL,OR = odds(IA in case) / odds(IA in reference),89,1039,1128,6,83,46,993,6.741573033707865,4.427333974975938,1.5597628561161,0.5287641922459178,3.811537382534093,0.2925384873246032,0.7981695224725952,FALSE,FALSE
IA__ATXN1__BD_COGNITIVE__CD__vs__No-CD,C_IA_COGNITIVE,BH,Exploratory IA frequency: cognitive status in BD,ATXN1,CD_BINARY,ATXN1_CODE,CD,No-CD,CD vs No-CD,OR = odds(IA in case) / odds(IA in reference),199,90,289,25,174,7,83,12.56281407035176,7.777777777777778,1.7007354749223276,0.6795535044004444,4.850836510704313,0.31159925178131986,0.7981695224725952,FALSE,FALSE
IA__ATXN1__SCZ_COGNITIVE__CD__vs__CONTROL,C_IA_COGNITIVE,BH,Exploratory IA frequency: cognitive status in SCZ,ATXN1,CD_BINARY,ATXN1_CODE,CD,CONTROL,CD vs CONTROL,OR = odds(IA in case) / odds(IA in reference),182,940,1122,10,172,74,866,5.4945054945054945,7.872340425531915,0.6806048799689417,0.307165201545547,1.357852650964792,0.3547420099878201,0.7981695224725952,FALSE,FALSE
IA__ATXN1__SCZ_COGNITIVE__No-CD__vs__CONTROL,C_IA_COGNITIVE,BH,Exploratory IA frequency: cognitive status in SCZ,ATXN1,CD_BINARY,ATXN1_CODE,No-CD,CONTROL,No-CD vs CONTROL,OR = odds(IA in case) / odds(IA in reference),34,940,974,1,33,74,866,2.9411764705882355,7.872340425531915,0.3548801448681542,0.008606006174751803,2.184965864197585,0.5088104472652758,1,FALSE,FALSE
IA__ATXN2__SCZ_COGNITIVE__CD__vs__No-CD,C_IA_COGNITIVE,BH,Exploratory IA frequency: cognitive status in SCZ,ATXN2,CD_BINARY,ATXN2_CODE,CD,No-CD,CD vs No-CD,OR = odds(IA in case) / odds(IA in reference),181,34,215,4,177,1,33,2.2099447513812156,2.9411764705882355,0.7468818147863948,0.07095230914197652,37.82660338830097,0.5808714675780581,1,FALSE,FALSE
IA__HTT__SCZ_COGNITIVE__CD__vs__CONTROL,C_IA_COGNITIVE,BH,Exploratory IA frequency: cognitive status in SCZ,HTT,CD_BINARY,HTT_CODE,CD,CONTROL,CD vs CONTROL,OR = odds(IA in case) / odds(IA in reference),182,1039,1221,9,173,46,993,4.945054945054945,4.427333974975938,1.1229446206380533,0.47444340829337095,2.3763599930149426,0.7006103412981343,1,FALSE,FALSE
IA__ATXN2__BD_COGNITIVE__CD__vs__No-CD,C_IA_COGNITIVE,BH,Exploratory IA frequency: cognitive status in BD,ATXN2,CD_BINARY,ATXN2_CODE,CD,No-CD,CD vs No-CD,OR = odds(IA in case) / odds(IA in reference),198,90,288,10,188,3,87,5.05050505050505,3.3333333333333335,1.540418142586985,0.3838033424269392,8.923367153492725,0.7606306973635462,1,FALSE,FALSE
IA__ATXN2__BD_COGNITIVE__No-CD__vs__CONTROL,C_IA_COGNITIVE,BH,Exploratory IA frequency: cognitive status in BD,ATXN2,CD_BINARY,ATXN2_CODE,No-CD,CONTROL,No-CD vs CONTROL,OR = odds(IA in case) / odds(IA in reference),90,932,1022,3,87,43,889,3.3333333333333335,4.613733905579399,0.7131191279718005,0.13869156647233868,2.3019608100003315,0.7909569222345026,1,FALSE,FALSE
IA__HTT__BD_COGNITIVE__CD__vs__No-CD,C_IA_COGNITIVE,BH,Exploratory IA frequency: cognitive status in BD,HTT,CD_BINARY,HTT_CODE,CD,No-CD,CD vs No-CD,OR = odds(IA in case) / odds(IA in reference),199,89,288,16,183,6,83,8.040201005025125,6.741573033707865,1.2086701451297923,0.4298394793515758,3.91020202835052,0.8133259652276006,1,FALSE,FALSE
IA__ATXN2__BD_COGNITIVE__CD__vs__CONTROL,C_IA_COGNITIVE,BH,Exploratory IA frequency: cognitive status in BD,ATXN2,CD_BINARY,ATXN2_CODE,CD,CONTROL,CD vs CONTROL,OR = odds(IA in case) / odds(IA in reference),198,932,1130,10,188,43,889,5.05050505050505,4.613733905579399,1.0996288361595108,0.4838321768625984,2.2726450155433815,0.8528570946144417,1,FALSE,FALSE
IA__ATXN1__BD_COGNITIVE__No-CD__vs__CONTROL,C_IA_COGNITIVE,BH,Exploratory IA frequency: cognitive status in BD,ATXN1,CD_BINARY,ATXN1_CODE,No-CD,CONTROL,No-CD vs CONTROL,OR = odds(IA in case) / odds(IA in reference),90,940,1030,7,83,74,866,7.777777777777778,7.872340425531915,0.9869869499305225,0.37136801841215894,2.233532082864097,1,1,FALSE,FALSE
IA__ATXN1__SCZ_COGNITIVE__CD__vs__No-CD,C_IA_COGNITIVE,BH,Exploratory IA frequency: cognitive status in SCZ,ATXN1,CD_BINARY,ATXN1_CODE,CD,No-CD,CD vs No-CD,OR = odds(IA in case) / odds(IA in reference),182,34,216,10,172,1,33,5.4945054945054945,2.9411764705882355,1.9138898233773858,0.2563423473962087,85.7256675898338,1,1,FALSE,FALSE
IA__ATXN2__SCZ_COGNITIVE__No-CD__vs__CONTROL,C_IA_COGNITIVE,BH,Exploratory IA frequency: cognitive status in SCZ,ATXN2,CD_BINARY,ATXN2_CODE,No-CD,CONTROL,No-CD vs CONTROL,OR = odds(IA in case) / odds(IA in reference),34,932,966,1,33,43,889,2.9411764705882355,4.613733905579399,0.6267250989556472,0.01505800420857855,3.9377609561174696,1,1,FALSE,FALSE
