gene,PATHOLOGY,short,long,count,percentage
ATXN1,CONTROL,19,30,1,0.10638297872340426
ATXN1,CONTROL,20,29,1,0.10638297872340426
ATXN1,CONTROL,20,30,2,0.2127659574468085
ATXN1,CONTROL,24,29,1,0.10638297872340426
ATXN1,CONTROL,24,30,1,0.10638297872340426
ATXN1,CONTROL,25,33,1,0.10638297872340426
ATXN1,CONTROL,26,29,4,0.425531914893617
ATXN1,CONTROL,26,30,3,0.3191489361702128
ATXN1,CONTROL,26,32,1,0.10638297872340426
ATXN1,CONTROL,26,33,1,0.10638297872340426
ATXN1,CONTROL,26,35,1,0.10638297872340426
ATXN1,CONTROL,27,29,9,0.9574468085106383
ATXN1,CONTROL,27,30,5,0.5319148936170213
ATXN1,CONTROL,27,31,2,0.2127659574468085
ATXN1,CONTROL,28,29,30,3.1914893617021276
ATXN1,CONTROL,28,30,23,2.4468085106382977
ATXN1,CONTROL,28,31,3,0.3191489361702128
ATXN1,CONTROL,28,32,4,0.425531914893617
ATXN1,CONTROL,28,33,1,0.10638297872340426
ATXN1,CONTROL,28,35,1,0.10638297872340426
ATXN1,CONTROL,29,29,120,12.76595744680851
ATXN1,CONTROL,29,30,306,32.5531914893617
ATXN1,CONTROL,29,31,51,5.425531914893617
ATXN1,CONTROL,29,32,56,5.957446808510638
ATXN1,CONTROL,29,33,13,1.3829787234042554
ATXN1,CONTROL,29,34,3,0.3191489361702128
ATXN1,CONTROL,29,35,3,0.3191489361702128
ATXN1,CONTROL,29,36,5,0.5319148936170213
ATXN1,CONTROL,29,37,1,0.10638297872340426
ATXN1,CONTROL,30,30,101,10.74468085106383
ATXN1,CONTROL,30,31,58,6.170212765957447
ATXN1,CONTROL,30,32,63,6.702127659574468
ATXN1,CONTROL,30,33,13,1.3829787234042554
ATXN1,CONTROL,30,34,3,0.3191489361702128
ATXN1,CONTROL,30,35,5,0.5319148936170213
ATXN1,CONTROL,30,36,3,0.3191489361702128
ATXN1,CONTROL,30,38,1,0.10638297872340426
ATXN1,CONTROL,31,31,6,0.6382978723404256
ATXN1,CONTROL,31,32,12,1.2765957446808511
ATXN1,CONTROL,31,33,5,0.5319148936170213
ATXN1,CONTROL,31,34,1,0.10638297872340426
ATXN1,CONTROL,31,35,2,0.2127659574468085
ATXN1,CONTROL,31,36,2,0.2127659574468085
ATXN1,CONTROL,32,32,3,0.3191489361702128
ATXN1,CONTROL,32,33,6,0.6382978723404256
ATXN1,CONTROL,33,35,1,0.10638297872340426
ATXN1,CONTROL,35,35,2,0.2127659574468085
ATXN1,BD,19,30,1,0.303951367781155
ATXN1,BD,20,21,1,0.303951367781155
ATXN1,BD,26,27,1,0.303951367781155
ATXN1,BD,26,30,4,1.21580547112462
ATXN1,BD,26,32,1,0.303951367781155
ATXN1,BD,27,29,2,0.60790273556231
ATXN1,BD,27,30,4,1.21580547112462
ATXN1,BD,27,31,1,0.303951367781155
ATXN1,BD,27,32,1,0.303951367781155
ATXN1,BD,28,29,21,6.382978723404255
ATXN1,BD,28,30,8,2.43161094224924
ATXN1,BD,28,31,1,0.303951367781155
ATXN1,BD,28,32,2,0.60790273556231
ATXN1,BD,29,29,18,5.47112462006079
ATXN1,BD,29,30,123,37.38601823708207
ATXN1,BD,29,31,11,3.3434650455927053
ATXN1,BD,29,32,12,3.6474164133738602
ATXN1,BD,29,33,8,2.43161094224924
ATXN1,BD,29,34,2,0.60790273556231
ATXN1,BD,29,35,4,1.21580547112462
ATXN1,BD,29,36,1,0.303951367781155
ATXN1,BD,30,30,33,10.030395136778116
ATXN1,BD,30,31,21,6.382978723404255
ATXN1,BD,30,32,19,5.775075987841945
ATXN1,BD,30,33,7,2.127659574468085
ATXN1,BD,30,34,4,1.21580547112462
ATXN1,BD,30,35,2,0.60790273556231
ATXN1,BD,30,36,2,0.60790273556231
ATXN1,BD,31,31,1,0.303951367781155
ATXN1,BD,31,32,6,1.8237082066869301
ATXN1,BD,31,33,2,0.60790273556231
ATXN1,BD,32,33,3,0.9118541033434651
ATXN1,BD,32,36,1,0.303951367781155
ATXN1,BD,34,35,1,0.303951367781155
ATXN1,SCZ,22,34,1,0.42735042735042733
ATXN1,SCZ,25,30,1,0.42735042735042733
ATXN1,SCZ,26,26,1,0.42735042735042733
ATXN1,SCZ,26,30,2,0.8547008547008547
ATXN1,SCZ,27,27,1,0.42735042735042733
ATXN1,SCZ,27,28,1,0.42735042735042733
ATXN1,SCZ,27,29,1,0.42735042735042733
ATXN1,SCZ,27,30,2,0.8547008547008547
ATXN1,SCZ,27,33,1,0.42735042735042733
ATXN1,SCZ,28,28,1,0.42735042735042733
ATXN1,SCZ,28,29,18,7.6923076923076925
ATXN1,SCZ,28,30,5,2.1367521367521367
ATXN1,SCZ,28,31,2,0.8547008547008547
ATXN1,SCZ,28,32,1,0.42735042735042733
ATXN1,SCZ,28,33,2,0.8547008547008547
ATXN1,SCZ,28,35,1,0.42735042735042733
ATXN1,SCZ,29,29,25,10.683760683760683
ATXN1,SCZ,29,30,73,31.196581196581196
ATXN1,SCZ,29,31,12,5.128205128205129
ATXN1,SCZ,29,32,15,6.410256410256411
ATXN1,SCZ,29,33,1,0.42735042735042733
ATXN1,SCZ,29,37,1,0.42735042735042733
ATXN1,SCZ,30,30,24,10.256410256410257
ATXN1,SCZ,30,31,15,6.410256410256411
ATXN1,SCZ,30,32,18,7.6923076923076925
ATXN1,SCZ,30,33,3,1.2820512820512822
ATXN1,SCZ,30,35,1,0.42735042735042733
ATXN1,SCZ,31,31,1,0.42735042735042733
ATXN1,SCZ,31,32,3,1.2820512820512822
ATXN1,SCZ,32,33,1,0.42735042735042733
