test_id,family_id,adjustment_method,analysis_scope,gene,allele_position,value_variable,group_variable,groups,n_total,n_groups,statistic,df,epsilon_squared,p_raw,estimable,p_adj,significant_raw,significant_adjusted
CAG_OMNIBUS__ATXN2__LONG__MAIN_DIAGNOSIS,A0_CAG_DIAGNOSIS_OMNIBUS,holm,MAIN_DIAGNOSIS,ATXN2,LONG,LONG_ATXN2,PATHOLOGY,BD | SCZ | CONTROL,1494,3,70.10823356763476,2,0.04567956644375235,5.972972466547462e-16,TRUE,3.5837834799284765e-15,TRUE,TRUE
CAG_OMNIBUS__ATXN2__SHORT__MAIN_DIAGNOSIS,A0_CAG_DIAGNOSIS_OMNIBUS,holm,MAIN_DIAGNOSIS,ATXN2,SHORT,SHORT_ATXN2,PATHOLOGY,BD | SCZ | CONTROL,1494,3,64.60854833892795,2,0.04199097809451908,9.341830569109065e-15,TRUE,4.6709152845545325e-14,TRUE,TRUE
CAG_OMNIBUS__HTT__LONG__MAIN_DIAGNOSIS,A0_CAG_DIAGNOSIS_OMNIBUS,holm,MAIN_DIAGNOSIS,HTT,LONG,LONG_HTT,PATHOLOGY,BD | SCZ | CONTROL,1598,3,6.249441009634829,2,0.002664226338329046,0.043949215500975594,TRUE,0.17579686200390238,TRUE,FALSE
CAG_OMNIBUS__ATXN1__SHORT__MAIN_DIAGNOSIS,A0_CAG_DIAGNOSIS_OMNIBUS,holm,MAIN_DIAGNOSIS,ATXN1,SHORT,SHORT_ATXN1,PATHOLOGY,BD | SCZ | CONTROL,1503,3,4.246018910019868,2,0.0014973459400132452,0.11967094173322118,TRUE,0.35901282519966354,FALSE,FALSE
CAG_OMNIBUS__ATXN1__LONG__MAIN_DIAGNOSIS,A0_CAG_DIAGNOSIS_OMNIBUS,holm,MAIN_DIAGNOSIS,ATXN1,LONG,LONG_ATXN1,PATHOLOGY,BD | SCZ | CONTROL,1503,3,2.627937058308006,2,4.1862470553867076e-4,0.2687513895449,TRUE,0.5375027790898,FALSE,FALSE
CAG_OMNIBUS__HTT__SHORT__MAIN_DIAGNOSIS,A0_CAG_DIAGNOSIS_OMNIBUS,holm,MAIN_DIAGNOSIS,HTT,SHORT,SHORT_HTT,PATHOLOGY,BD | SCZ | CONTROL,1598,3,2.5545082883938868,2,3.476540993065121e-4,0.2788017999104024,TRUE,0.5375027790898,FALSE,FALSE
CAG_OMNIBUS__ATXN2__LONG__SCZ_SUBTYPE,B0_CAG_SUBTYPE_OMNIBUS,BH,SCZ_SUBTYPE,ATXN2,LONG,LONG_ATXN2,PATHOLOGY_TYPE_BINARY,SCZ | Other | CONTROL,1163,3,67.64233098731859,2,0.056588216368378096,2.0495308253043952e-15,TRUE,2.4594369903652743e-14,TRUE,TRUE
CAG_OMNIBUS__ATXN2__SHORT__SCZ_SUBTYPE,B0_CAG_SUBTYPE_OMNIBUS,BH,SCZ_SUBTYPE,ATXN2,SHORT,SHORT_ATXN2,PATHOLOGY_TYPE_BINARY,SCZ | Other | CONTROL,1163,3,55.41488874490365,2,0.04604731788353763,9.264240085601134e-13,TRUE,5.558544051360681e-12,TRUE,TRUE
CAG_OMNIBUS__ATXN2__LONG__BD_SUBTYPE,B0_CAG_SUBTYPE_OMNIBUS,BH,BD_SUBTYPE,ATXN2,LONG,LONG_ATXN2,PATHOLOGY_TYPE_BINARY,BD-I | Other | CONTROL,1247,3,22.956269205537346,2,0.016845875567152207,1.0354031442204081e-5,TRUE,4.1416125768816326e-5,TRUE,TRUE
CAG_OMNIBUS__HTT__LONG__SCZ_SUBTYPE,B0_CAG_SUBTYPE_OMNIBUS,BH,SCZ_SUBTYPE,HTT,LONG,LONG_HTT,PATHOLOGY_TYPE_BINARY,SCZ | Other | CONTROL,1266,3,5.652255581802937,2,0.0028917304685692293,0.05924180676941853,TRUE,0.1549871539218952,FALSE,FALSE
CAG_OMNIBUS__HTT__LONG__BD_SUBTYPE,B0_CAG_SUBTYPE_OMNIBUS,BH,BD_SUBTYPE,HTT,LONG,LONG_HTT,PATHOLOGY_TYPE_BINARY,BD-I | Other | CONTROL,1351,3,5.479763561549224,2,0.0025814269744430444,0.06457798080078966,TRUE,0.1549871539218952,FALSE,FALSE
CAG_OMNIBUS__ATXN2__SHORT__BD_SUBTYPE,B0_CAG_SUBTYPE_OMNIBUS,BH,BD_SUBTYPE,ATXN2,SHORT,SHORT_ATXN2,PATHOLOGY_TYPE_BINARY,BD-I | Other | CONTROL,1247,3,4.956310351176561,2,0.0023764552662191006,0.08389785973164572,TRUE,0.16779571946329144,FALSE,FALSE
CAG_OMNIBUS__ATXN1__SHORT__SCZ_SUBTYPE,B0_CAG_SUBTYPE_OMNIBUS,BH,SCZ_SUBTYPE,ATXN1,SHORT,SHORT_ATXN1,PATHOLOGY_TYPE_BINARY,SCZ | Other | CONTROL,1171,3,4.086228359690409,2,0.0017861544175431586,0.1296244079504732,TRUE,0.22221327077223976,FALSE,FALSE
CAG_OMNIBUS__HTT__SHORT__BD_SUBTYPE,B0_CAG_SUBTYPE_OMNIBUS,BH,BD_SUBTYPE,HTT,SHORT,SHORT_HTT,PATHOLOGY_TYPE_BINARY,BD-I | Other | CONTROL,1351,3,3.7787044296186996,2,0.001319513671823961,0.15116970262050836,TRUE,0.22675455393076255,FALSE,FALSE
CAG_OMNIBUS__ATXN1__LONG__BD_SUBTYPE,B0_CAG_SUBTYPE_OMNIBUS,BH,BD_SUBTYPE,ATXN1,LONG,LONG_ATXN1,PATHOLOGY_TYPE_BINARY,BD-I | Other | CONTROL,1256,3,2.993247082924351,2,7.926951978646058e-4,0.2238848232100184,TRUE,0.2897710850895409,FALSE,FALSE
CAG_OMNIBUS__ATXN1__LONG__SCZ_SUBTYPE,B0_CAG_SUBTYPE_OMNIBUS,BH,SCZ_SUBTYPE,ATXN1,LONG,LONG_ATXN1,PATHOLOGY_TYPE_BINARY,SCZ | Other | CONTROL,1171,3,2.841971172531631,2,7.208657299072181e-4,0.2414759042412841,TRUE,0.2897710850895409,FALSE,FALSE
CAG_OMNIBUS__ATXN1__SHORT__BD_SUBTYPE,B0_CAG_SUBTYPE_OMNIBUS,BH,BD_SUBTYPE,ATXN1,SHORT,SHORT_ATXN1,PATHOLOGY_TYPE_BINARY,BD-I | Other | CONTROL,1256,3,1.9331698682929597,2,0,0.380379844722123,TRUE,0.4149598306059523,FALSE,FALSE
CAG_OMNIBUS__HTT__SHORT__SCZ_SUBTYPE,B0_CAG_SUBTYPE_OMNIBUS,BH,SCZ_SUBTYPE,HTT,SHORT,SHORT_HTT,PATHOLOGY_TYPE_BINARY,SCZ | Other | CONTROL,1266,3,1.340959222908494,2,0,0.5114632153354239,TRUE,0.5114632153354239,FALSE,FALSE
CAG_OMNIBUS__ATXN2__LONG__SCZ_COGNITIVE,C0_CAG_COGNITIVE_OMNIBUS,BH,SCZ_COGNITIVE,ATXN2,LONG,LONG_ATXN2,CD_BINARY,CD | No-CD | CONTROL,1148,3,73.73300576044403,2,0.06264891332789872,9.751720204484357e-17,TRUE,1.1702064245381227e-15,TRUE,TRUE
CAG_OMNIBUS__ATXN2__SHORT__SCZ_COGNITIVE,C0_CAG_COGNITIVE_OMNIBUS,BH,SCZ_COGNITIVE,ATXN2,SHORT,SHORT_ATXN2,CD_BINARY,CD | No-CD | CONTROL,1148,3,61.5946357666271,2,0.05204771682674856,4.215943537024839e-14,TRUE,2.5295661222149033e-13,TRUE,TRUE
CAG_OMNIBUS__ATXN2__LONG__BD_COGNITIVE,C0_CAG_COGNITIVE_OMNIBUS,BH,BD_COGNITIVE,ATXN2,LONG,LONG_ATXN2,CD_BINARY,CD | No-CD | CONTROL,1220,3,17.519140893045655,2,0.012751964579330859,1.569520133916033e-4,TRUE,6.278080535664132e-4,TRUE,TRUE
CAG_OMNIBUS__HTT__SHORT__BD_COGNITIVE,C0_CAG_COGNITIVE_OMNIBUS,BH,BD_COGNITIVE,HTT,SHORT,SHORT_HTT,CD_BINARY,CD | No-CD | CONTROL,1324,3,7.724662083436799,2,0.0043335821979082504,0.02101894633195933,TRUE,0.063056838995878,TRUE,FALSE
CAG_OMNIBUS__HTT__LONG__BD_COGNITIVE,C0_CAG_COGNITIVE_OMNIBUS,BH,BD_COGNITIVE,HTT,LONG,LONG_HTT,CD_BINARY,CD | No-CD | CONTROL,1324,3,6.488864244829224,2,0.0033980804275770054,0.03899070001609589,TRUE,0.08125053974769433,TRUE,FALSE
CAG_OMNIBUS__ATXN2__SHORT__BD_COGNITIVE,C0_CAG_COGNITIVE_OMNIBUS,BH,BD_COGNITIVE,ATXN2,SHORT,SHORT_ATXN2,CD_BINARY,CD | No-CD | CONTROL,1220,3,6.40672999061151,2,0.003620977806582999,0.04062526987384717,TRUE,0.08125053974769433,TRUE,FALSE
CAG_OMNIBUS__ATXN1__SHORT__SCZ_COGNITIVE,C0_CAG_COGNITIVE_OMNIBUS,BH,SCZ_COGNITIVE,ATXN1,SHORT,SHORT_ATXN1,CD_BINARY,CD | No-CD | CONTROL,1156,3,3.648075399115257,2,0.0014293802247313588,0.16137285860954456,TRUE,0.25934021729835344,FALSE,FALSE
CAG_OMNIBUS__HTT__LONG__SCZ_COGNITIVE,C0_CAG_COGNITIVE_OMNIBUS,BH,SCZ_COGNITIVE,HTT,LONG,LONG_HTT,CD_BINARY,CD | No-CD | CONTROL,1251,3,3.5101592141601308,2,0.0012100634728847203,0.17289347819890227,TRUE,0.25934021729835344,FALSE,FALSE
CAG_OMNIBUS__HTT__SHORT__SCZ_COGNITIVE,C0_CAG_COGNITIVE_OMNIBUS,BH,SCZ_COGNITIVE,HTT,SHORT,SHORT_HTT,CD_BINARY,CD | No-CD | CONTROL,1251,3,2.076734556021411,2,6.148602245305386e-5,0.35403224656314314,TRUE,0.47204299541752415,FALSE,FALSE
CAG_OMNIBUS__ATXN1__LONG__SCZ_COGNITIVE,C0_CAG_COGNITIVE_OMNIBUS,BH,SCZ_COGNITIVE,ATXN1,LONG,LONG_ATXN1,CD_BINARY,CD | No-CD | CONTROL,1156,3,0.9990196077061119,2,0,0.6068280515892489,TRUE,0.7154888506274046,FALSE,FALSE
CAG_OMNIBUS__ATXN1__LONG__BD_COGNITIVE,C0_CAG_COGNITIVE_OMNIBUS,BH,BD_COGNITIVE,ATXN1,LONG,LONG_ATXN1,CD_BINARY,CD | No-CD | CONTROL,1229,3,0.8436012794556643,2,0,0.6558647797417876,TRUE,0.7154888506274046,FALSE,FALSE
CAG_OMNIBUS__ATXN1__SHORT__BD_COGNITIVE,C0_CAG_COGNITIVE_OMNIBUS,BH,BD_COGNITIVE,ATXN1,SHORT,SHORT_ATXN1,CD_BINARY,CD | No-CD | CONTROL,1229,3,0.4245715486622736,2,0,0.8087335492508402,TRUE,0.8087335492508402,FALSE,FALSE
