test_id,family_id,adjustment_method,analysis_scope,gene,allele_position,value_variable,group_variable,positive,reference,contrast,n_positive,n_reference,n_total,mean_positive,sd_positive,median_positive,iqr_positive,mean_reference,sd_reference,median_reference,iqr_reference,median_difference,rank_biserial,p_raw,estimable,p_adj,significant_raw,significant_adjusted
CAG__ATXN2__LONG__MAIN_DIAGNOSIS__SCZ__vs__CONTROL,A1_CAG_DIAGNOSIS_PAIRWISE,holm,MAIN_DIAGNOSIS,ATXN2,LONG,LONG_ATXN2,PATHOLOGY,SCZ,CONTROL,SCZ vs CONTROL,234,932,1166,22.713675213675213,1.3925248617628472,22,1,22.395922746781117,1.2284247623758753,22,0,0,0.2496698580389567,2.220446049250313e-16,TRUE,3.9968028886505635e-15,TRUE,TRUE
CAG__ATXN2__SHORT__MAIN_DIAGNOSIS__SCZ__vs__CONTROL,A1_CAG_DIAGNOSIS_PAIRWISE,holm,MAIN_DIAGNOSIS,ATXN2,SHORT,SHORT_ATXN2,PATHOLOGY,SCZ,CONTROL,SCZ vs CONTROL,234,932,1166,22.004273504273506,1.0942607328620564,22,0,21.946351931330472,0.4897637438358138,22,0,0,0.1510399471772863,3.530509218307998e-14,TRUE,6.001865671123596e-13,TRUE,TRUE
CAG__ATXN2__SHORT__MAIN_DIAGNOSIS__BD__vs__SCZ,A1_CAG_DIAGNOSIS_PAIRWISE,holm,MAIN_DIAGNOSIS,ATXN2,SHORT,SHORT_ATXN2,PATHOLOGY,BD,SCZ,BD vs SCZ,328,234,562,21.945121951219512,0.8108820189713065,22,0,22.004273504273506,1.0942607328620564,22,0,0,-0.12234208880550346,1.5669659691810968e-6,TRUE,2.507145550689755e-5,TRUE,TRUE
CAG__ATXN2__LONG__MAIN_DIAGNOSIS__BD__vs__CONTROL,A1_CAG_DIAGNOSIS_PAIRWISE,holm,MAIN_DIAGNOSIS,ATXN2,LONG,LONG_ATXN2,PATHOLOGY,BD,CONTROL,BD vs CONTROL,328,932,1260,22.573170731707318,1.3772328575263617,22,1,22.395922746781117,1.2284247623758753,22,0,0,0.11830707631110648,4.964952131869538e-6,TRUE,7.447428197804307e-5,TRUE,TRUE
CAG__ATXN2__LONG__MAIN_DIAGNOSIS__BD__vs__SCZ,A1_CAG_DIAGNOSIS_PAIRWISE,holm,MAIN_DIAGNOSIS,ATXN2,LONG,LONG_ATXN2,PATHOLOGY,BD,SCZ,BD vs SCZ,328,234,562,22.573170731707318,1.3772328575263617,22,1,22.713675213675213,1.3925248617628472,22,1,0,-0.13378153012299354,0.0012807073061782371,TRUE,0.017929902286495318,TRUE,TRUE
CAG__ATXN2__SHORT__MAIN_DIAGNOSIS__BD__vs__CONTROL,A1_CAG_DIAGNOSIS_PAIRWISE,holm,MAIN_DIAGNOSIS,ATXN2,SHORT,SHORT_ATXN2,PATHOLOGY,BD,CONTROL,BD vs CONTROL,328,932,1260,21.945121951219512,0.8108820189713065,22,0,21.946351931330472,0.4897637438358138,22,0,0,0.031776667015597226,0.02535626310784811,TRUE,0.3296314204020254,TRUE,FALSE
CAG__ATXN1__SHORT__MAIN_DIAGNOSIS__SCZ__vs__CONTROL,A1_CAG_DIAGNOSIS_PAIRWISE,holm,MAIN_DIAGNOSIS,ATXN1,SHORT,SHORT_ATXN1,PATHOLOGY,SCZ,CONTROL,SCZ vs CONTROL,234,940,1174,29.042735042735043,0.9969323108920896,29,1,29.181914893617023,1.093057067159631,29,1,0,-0.07647299509001637,0.040528489079730765,TRUE,0.4863418689567692,TRUE,FALSE
CAG__HTT__LONG__MAIN_DIAGNOSIS__SCZ__vs__CONTROL,A1_CAG_DIAGNOSIS_PAIRWISE,holm,MAIN_DIAGNOSIS,HTT,LONG,LONG_HTT,PATHOLOGY,SCZ,CONTROL,SCZ vs CONTROL,234,1035,1269,20.068376068376068,3.355161281186414,19,5,19.682125603864733,3.354378662650992,19,5,0,0.08386390850158976,0.04212594132297576,TRUE,0.4863418689567692,TRUE,FALSE
CAG__HTT__LONG__MAIN_DIAGNOSIS__BD__vs__CONTROL,A1_CAG_DIAGNOSIS_PAIRWISE,holm,MAIN_DIAGNOSIS,HTT,LONG,LONG_HTT,PATHOLOGY,BD,CONTROL,BD vs CONTROL,329,1035,1364,20.085106382978722,3.6028516065769365,19,5,19.682125603864733,3.354378662650992,19,5,0,0.06663436265656442,0.06458606305340275,TRUE,0.6458606305340275,FALSE,FALSE
CAG__ATXN1__LONG__MAIN_DIAGNOSIS__BD__vs__SCZ,A1_CAG_DIAGNOSIS_PAIRWISE,holm,MAIN_DIAGNOSIS,ATXN1,LONG,LONG_ATXN1,PATHOLOGY,BD,SCZ,BD vs SCZ,329,234,563,30.62917933130699,1.556614406272602,30,1,30.4017094017094,1.3171684355929532,30,1,0,0.07498766009404312,0.10360663638224299,TRUE,0.9324597274401869,FALSE,FALSE
CAG__HTT__SHORT__MAIN_DIAGNOSIS__BD__vs__CONTROL,A1_CAG_DIAGNOSIS_PAIRWISE,holm,MAIN_DIAGNOSIS,HTT,SHORT,SHORT_HTT,PATHOLOGY,BD,CONTROL,BD vs CONTROL,329,1035,1364,16.741641337386017,2.220359997232521,17,1,16.683091787439615,2.043069642735628,17,1,0,0.05240591457057686,0.13217184219623013,TRUE,1,FALSE,FALSE
CAG__ATXN1__LONG__MAIN_DIAGNOSIS__SCZ__vs__CONTROL,A1_CAG_DIAGNOSIS_PAIRWISE,holm,MAIN_DIAGNOSIS,ATXN1,LONG,LONG_ATXN1,PATHOLOGY,SCZ,CONTROL,SCZ vs CONTROL,234,940,1174,30.4017094017094,1.3171684355929532,30,1,30.564893617021276,1.4078138436158998,30,1,0,-0.043557919621749375,0.2729532052387431,TRUE,1,FALSE,FALSE
CAG__ATXN1__SHORT__MAIN_DIAGNOSIS__BD__vs__SCZ,A1_CAG_DIAGNOSIS_PAIRWISE,holm,MAIN_DIAGNOSIS,ATXN1,SHORT,SHORT_ATXN1,PATHOLOGY,BD,SCZ,BD vs SCZ,329,234,563,29.11550151975684,1.2092263983502822,29,1,29.042735042735043,0.9969323108920896,29,1,0,0.04791780323695227,0.2841139288964456,TRUE,1,FALSE,FALSE
CAG__ATXN1__LONG__MAIN_DIAGNOSIS__BD__vs__CONTROL,A1_CAG_DIAGNOSIS_PAIRWISE,holm,MAIN_DIAGNOSIS,ATXN1,LONG,LONG_ATXN1,PATHOLOGY,BD,CONTROL,BD vs CONTROL,329,940,1269,30.62917933130699,1.556614406272602,30,1,30.564893617021276,1.4078138436158998,30,1,0,0.031588307572915975,0.3619613613247965,TRUE,1,FALSE,FALSE
CAG__HTT__SHORT__MAIN_DIAGNOSIS__SCZ__vs__CONTROL,A1_CAG_DIAGNOSIS_PAIRWISE,holm,MAIN_DIAGNOSIS,HTT,SHORT,SHORT_HTT,PATHOLOGY,SCZ,CONTROL,SCZ vs CONTROL,234,1035,1269,16.77777777777778,2.1889739737378053,17,1.75,16.683091787439615,2.043069642735628,17,1,0,0.034538998307114266,0.3858891046953694,TRUE,1,FALSE,FALSE
CAG__ATXN1__SHORT__MAIN_DIAGNOSIS__BD__vs__CONTROL,A1_CAG_DIAGNOSIS_PAIRWISE,holm,MAIN_DIAGNOSIS,ATXN1,SHORT,SHORT_ATXN1,PATHOLOGY,BD,CONTROL,BD vs CONTROL,329,940,1269,29.11550151975684,1.2092263983502822,29,1,29.181914893617023,1.093057067159631,29,1,0,-0.026741253314363278,0.4147120592169002,TRUE,1,FALSE,FALSE
CAG__HTT__LONG__MAIN_DIAGNOSIS__BD__vs__SCZ,A1_CAG_DIAGNOSIS_PAIRWISE,holm,MAIN_DIAGNOSIS,HTT,LONG,LONG_HTT,PATHOLOGY,BD,SCZ,BD vs SCZ,329,234,563,20.085106382978722,3.6028516065769365,19,5,20.068376068376068,3.355161281186414,19,5,0,-0.019977658275530663,0.682602994452419,TRUE,1,FALSE,FALSE
CAG__HTT__SHORT__MAIN_DIAGNOSIS__BD__vs__SCZ,A1_CAG_DIAGNOSIS_PAIRWISE,holm,MAIN_DIAGNOSIS,HTT,SHORT,SHORT_HTT,PATHOLOGY,BD,SCZ,BD vs SCZ,329,234,563,16.741641337386017,2.220359997232521,17,1,16.77777777777778,2.1889739737378053,17,1.75,0,0.0130673109396513,0.7816019312673199,TRUE,1,FALSE,FALSE
CAG__ATXN2__LONG__SCZ_SUBTYPE__SCZ__vs__CONTROL,B1_CAG_SUBTYPE_PAIRWISE,BH,SCZ_SUBTYPE,ATXN2,LONG,LONG_ATXN2,PATHOLOGY_TYPE_BINARY,SCZ,CONTROL,SCZ vs CONTROL,203,932,1135,22.689655172413794,1.3705680614979912,22,1,22.395922746781117,1.2284247623758753,22,0,0,0.2414850208249646,4.418687638008123e-14,TRUE,1.5907275496829243e-12,TRUE,TRUE
CAG__ATXN2__SHORT__SCZ_SUBTYPE__SCZ__vs__CONTROL,B1_CAG_SUBTYPE_PAIRWISE,BH,SCZ_SUBTYPE,ATXN2,SHORT,SHORT_ATXN2,PATHOLOGY_TYPE_BINARY,SCZ,CONTROL,SCZ vs CONTROL,203,932,1135,21.980295566502463,1.1602346601715599,22,0,21.946351931330472,0.4897637438358138,22,0,0,0.15059515000317125,6.672440377997191e-13,TRUE,1.2010392680394943e-11,TRUE,TRUE
CAG__ATXN2__LONG__SCZ_SUBTYPE__Other__vs__CONTROL,B1_CAG_SUBTYPE_PAIRWISE,BH,SCZ_SUBTYPE,ATXN2,LONG,LONG_ATXN2,PATHOLOGY_TYPE_BINARY,Other,CONTROL,Other vs CONTROL,28,932,960,22.928571428571427,1.6085091194337655,22.5,1,22.395922746781117,1.2284247623758753,22,0,0.5,0.3202406499080319,1.4765957343509939e-5,TRUE,1.7719148812211927e-4,TRUE,TRUE
CAG__ATXN2__LONG__BD_SUBTYPE__Other__vs__CONTROL,B1_CAG_SUBTYPE_PAIRWISE,BH,BD_SUBTYPE,ATXN2,LONG,LONG_ATXN2,PATHOLOGY_TYPE_BINARY,Other,CONTROL,Other vs CONTROL,101,932,1033,22.643564356435643,1.4183381713529506,22,1,22.395922746781117,1.2284247623758753,22,0,0,0.15185059278460034,2.0363652850985403e-4,TRUE,0.0014971071794043667,TRUE,TRUE
CAG__ATXN2__LONG__BD_SUBTYPE__BD-I__vs__CONTROL,B1_CAG_SUBTYPE_PAIRWISE,BH,BD_SUBTYPE,ATXN2,LONG,LONG_ATXN2,PATHOLOGY_TYPE_BINARY,BD-I,CONTROL,BD-I vs CONTROL,214,932,1146,22.565420560747665,1.3951359368865002,22,1,22.395922746781117,1.2284247623758753,22,0,0,0.1111467650715976,2.0793155269505093e-4,TRUE,0.0014971071794043667,TRUE,TRUE
CAG__ATXN2__SHORT__SCZ_SUBTYPE__Other__vs__CONTROL,B1_CAG_SUBTYPE_PAIRWISE,BH,SCZ_SUBTYPE,ATXN2,SHORT,SHORT_ATXN2,PATHOLOGY_TYPE_BINARY,Other,CONTROL,Other vs CONTROL,28,932,960,22.142857142857142,0.44839513942303283,22,0,21.946351931330472,0.4897637438358138,22,0,0,0.1330472103004292,0.0028633378092901562,TRUE,0.017180026855740937,TRUE,TRUE
CAG__HTT__LONG__SCZ_SUBTYPE__SCZ__vs__CONTROL,B1_CAG_SUBTYPE_PAIRWISE,BH,SCZ_SUBTYPE,HTT,LONG,LONG_HTT,PATHOLOGY_TYPE_BINARY,SCZ,CONTROL,SCZ vs CONTROL,203,1035,1238,20.192118226600986,3.4133600277472316,19,4.5,19.682125603864733,3.354378662650992,19,5,0,0.10392422836200943,0.017560288624345777,TRUE,0.08849749313179722,TRUE,FALSE
CAG__HTT__LONG__BD_SUBTYPE__BD-I__vs__CONTROL,B1_CAG_SUBTYPE_PAIRWISE,BH,BD_SUBTYPE,HTT,LONG,LONG_HTT,PATHOLOGY_TYPE_BINARY,BD-I,CONTROL,BD-I vs CONTROL,215,1035,1250,20.26511627906977,3.692559057477355,19,4.5,19.682125603864733,3.354378662650992,19,5,0,0.09962026738568697,0.019666109584843827,TRUE,0.08849749313179722,TRUE,FALSE
CAG__ATXN1__SHORT__SCZ_SUBTYPE__SCZ__vs__CONTROL,B1_CAG_SUBTYPE_PAIRWISE,BH,SCZ_SUBTYPE,ATXN1,SHORT,SHORT_ATXN1,PATHOLOGY_TYPE_BINARY,SCZ,CONTROL,SCZ vs CONTROL,203,940,1143,29.014778325123153,1.0023627162726167,29,1,29.181914893617023,1.093057067159631,29,1,0,-0.07994969080809144,0.042944177874058125,TRUE,0.1717767114962325,TRUE,FALSE
CAG__HTT__SHORT__BD_SUBTYPE__Other__vs__CONTROL,B1_CAG_SUBTYPE_PAIRWISE,BH,BD_SUBTYPE,HTT,SHORT,SHORT_HTT,PATHOLOGY_TYPE_BINARY,Other,CONTROL,Other vs CONTROL,101,1035,1136,16.91089108910891,2.0104676565465565,17,2,16.683091787439615,2.043069642735628,17,1,0,0.10032046682929163,0.08002921673157504,TRUE,0.28048002997596466,FALSE,FALSE
CAG__ATXN2__SHORT__BD_SUBTYPE__BD-I__vs__CONTROL,B1_CAG_SUBTYPE_PAIRWISE,BH,BD_SUBTYPE,ATXN2,SHORT,SHORT_ATXN2,PATHOLOGY_TYPE_BINARY,BD-I,CONTROL,BD-I vs CONTROL,214,932,1146,21.911214953271028,0.8862885744193264,22,0,21.946351931330472,0.4897637438358138,22,0,0,0.028774417392001927,0.08860095479174213,TRUE,0.28048002997596466,FALSE,FALSE
CAG__ATXN1__LONG__BD_SUBTYPE__Other__vs__CONTROL,B1_CAG_SUBTYPE_PAIRWISE,BH,BD_SUBTYPE,ATXN1,LONG,LONG_ATXN1,PATHOLOGY_TYPE_BINARY,Other,CONTROL,Other vs CONTROL,101,940,1041,30.792079207920793,1.5447772116597804,30,2,30.564893617021276,1.4078138436158998,30,1,0,0.09401727406783222,0.09811595734313205,TRUE,0.28048002997596466,FALSE,FALSE
CAG__ATXN1__LONG__BD_SUBTYPE__BD-I__vs__Other,B1_CAG_SUBTYPE_PAIRWISE,BH,BD_SUBTYPE,ATXN1,LONG,LONG_ATXN1,PATHOLOGY_TYPE_BINARY,BD-I,Other,BD-I vs Other,215,101,316,30.49767441860465,1.4910148917834807,30,1,30.792079207920793,1.5447772116597804,30,2,0,-0.1046741883490675,0.10247271331361207,TRUE,0.28048002997596466,FALSE,FALSE
CAG__ATXN2__SHORT__BD_SUBTYPE__Other__vs__CONTROL,B1_CAG_SUBTYPE_PAIRWISE,BH,BD_SUBTYPE,ATXN2,SHORT,SHORT_ATXN2,PATHOLOGY_TYPE_BINARY,Other,CONTROL,Other vs CONTROL,101,932,1033,22.00990099009901,0.6854932458449243,22,0,21.946351931330472,0.4897637438358138,22,0,0,0.03836102494369609,0.10907556721287515,TRUE,0.28048002997596466,FALSE,FALSE
CAG__ATXN1__LONG__SCZ_SUBTYPE__SCZ__vs__CONTROL,B1_CAG_SUBTYPE_PAIRWISE,BH,SCZ_SUBTYPE,ATXN1,LONG,LONG_ATXN1,PATHOLOGY_TYPE_BINARY,SCZ,CONTROL,SCZ vs CONTROL,203,940,1143,30.36945812807882,1.322483862399602,30,1,30.564893617021276,1.4078138436158998,30,1,0,-0.060067078922544814,0.15314724466550278,TRUE,0.36755338719720665,FALSE,FALSE
CAG__ATXN1__SHORT__BD_SUBTYPE__BD-I__vs__CONTROL,B1_CAG_SUBTYPE_PAIRWISE,BH,BD_SUBTYPE,ATXN1,SHORT,SHORT_ATXN1,PATHOLOGY_TYPE_BINARY,BD-I,CONTROL,BD-I vs CONTROL,215,940,1155,29.01860465116279,1.3004772333869228,29,1,29.181914893617023,1.093057067159631,29,1,0,-0.05312221672439388,0.1690725765276961,TRUE,0.38041329718731626,FALSE,FALSE
CAG__ATXN1__LONG__SCZ_SUBTYPE__SCZ__vs__Other,B1_CAG_SUBTYPE_PAIRWISE,BH,SCZ_SUBTYPE,ATXN1,LONG,LONG_ATXN1,PATHOLOGY_TYPE_BINARY,SCZ,Other,SCZ vs Other,203,28,231,30.36945812807882,1.322483862399602,30,1,30.642857142857142,1.2827714704898319,30,2,0,-0.1432090077410274,0.19334437100164495,TRUE,0.4094351385917187,FALSE,FALSE
CAG__HTT__LONG__BD_SUBTYPE__BD-I__vs__Other,B1_CAG_SUBTYPE_PAIRWISE,BH,BD_SUBTYPE,HTT,LONG,LONG_HTT,PATHOLOGY_TYPE_BINARY,BD-I,Other,BD-I vs Other,215,101,316,20.26511627906977,3.692559057477355,19,4.5,19.821782178217823,3.4362655299145914,19,5,0,0.08385908358277683,0.22335845054248038,TRUE,0.44671690108496076,FALSE,FALSE
CAG__HTT__SHORT__BD_SUBTYPE__BD-I__vs__CONTROL,B1_CAG_SUBTYPE_PAIRWISE,BH,BD_SUBTYPE,HTT,SHORT,SHORT_HTT,PATHOLOGY_TYPE_BINARY,BD-I,CONTROL,BD-I vs CONTROL,215,1035,1250,16.66046511627907,2.2068435968959417,17,1,16.683091787439615,2.043069642735628,17,1,0,0.04356364453432193,0.29030161375740837,TRUE,0.5500451629087737,FALSE,FALSE
CAG__HTT__SHORT__SCZ_SUBTYPE__Other__vs__CONTROL,B1_CAG_SUBTYPE_PAIRWISE,BH,SCZ_SUBTYPE,HTT,SHORT,SHORT_HTT,PATHOLOGY_TYPE_BINARY,Other,CONTROL,Other vs CONTROL,28,1035,1063,16.857142857142858,2.1553428139167665,17,0.5,16.683091787439615,2.043069642735628,17,1,0,0.0941683919944789,0.37102663984083994,TRUE,0.6140499881321831,FALSE,FALSE
CAG__ATXN1__SHORT__BD_SUBTYPE__BD-I__vs__Other,B1_CAG_SUBTYPE_PAIRWISE,BH,BD_SUBTYPE,ATXN1,SHORT,SHORT_ATXN1,PATHOLOGY_TYPE_BINARY,BD-I,Other,BD-I vs Other,215,101,316,29.01860465116279,1.3004772333869228,29,1,29.22772277227723,0.8818297808399519,29,1,0,-0.05457057333640336,0.38652539831782545,TRUE,0.6140499881321831,FALSE,FALSE
CAG__HTT__LONG__SCZ_SUBTYPE__SCZ__vs__Other,B1_CAG_SUBTYPE_PAIRWISE,BH,SCZ_SUBTYPE,HTT,LONG,LONG_HTT,PATHOLOGY_TYPE_BINARY,SCZ,Other,SCZ vs Other,203,28,231,20.192118226600986,3.4133600277472316,19,4.5,19.464285714285715,2.9120712096648202,19,4.25,0,0.0997536945812807,0.3877977641442978,TRUE,0.6140499881321831,FALSE,FALSE
CAG__HTT__SHORT__BD_SUBTYPE__BD-I__vs__Other,B1_CAG_SUBTYPE_PAIRWISE,BH,BD_SUBTYPE,HTT,SHORT,SHORT_HTT,PATHOLOGY_TYPE_BINARY,BD-I,Other,BD-I vs Other,215,101,316,16.66046511627907,2.2068435968959417,17,1,16.91089108910891,2.0104676565465565,17,2,0,-0.05576790237163254,0.39974349531571,TRUE,0.6140499881321831,FALSE,FALSE
CAG__HTT__SHORT__SCZ_SUBTYPE__SCZ__vs__CONTROL,B1_CAG_SUBTYPE_PAIRWISE,BH,SCZ_SUBTYPE,HTT,SHORT,SHORT_HTT,PATHOLOGY_TYPE_BINARY,SCZ,CONTROL,SCZ vs CONTROL,203,1035,1238,16.798029556650246,2.1853690036903144,17,1.5,16.683091787439615,2.043069642735628,17,1,0,0.03412579424573425,0.4192766667090224,TRUE,0.6140499881321831,FALSE,FALSE
CAG__ATXN1__LONG__SCZ_SUBTYPE__Other__vs__CONTROL,B1_CAG_SUBTYPE_PAIRWISE,BH,SCZ_SUBTYPE,ATXN1,LONG,LONG_ATXN1,PATHOLOGY_TYPE_BINARY,Other,CONTROL,Other vs CONTROL,28,940,968,30.642857142857142,1.2827714704898319,30,2,30.564893617021276,1.4078138436158998,30,1,0,0.08248480243161094,0.42922301273936814,TRUE,0.6140499881321831,FALSE,FALSE
CAG__ATXN2__LONG__SCZ_SUBTYPE__SCZ__vs__Other,B1_CAG_SUBTYPE_PAIRWISE,BH,SCZ_SUBTYPE,ATXN2,LONG,LONG_ATXN2,PATHOLOGY_TYPE_BINARY,SCZ,Other,SCZ vs Other,203,28,231,22.689655172413794,1.3705680614979912,22,1,22.928571428571427,1.6085091194337655,22.5,1,-0.5,-0.07670654468684024,0.45694742444206643,TRUE,0.6140499881321831,FALSE,FALSE
CAG__ATXN2__LONG__BD_SUBTYPE__BD-I__vs__Other,B1_CAG_SUBTYPE_PAIRWISE,BH,BD_SUBTYPE,ATXN2,LONG,LONG_ATXN2,PATHOLOGY_TYPE_BINARY,BD-I,Other,BD-I vs Other,214,101,315,22.565420560747665,1.3951359368865002,22,1,22.643564356435643,1.4183381713529506,22,1,0,-0.041315813824373104,0.4605374910991374,TRUE,0.6140499881321831,FALSE,FALSE
CAG__ATXN1__SHORT__SCZ_SUBTYPE__SCZ__vs__Other,B1_CAG_SUBTYPE_PAIRWISE,BH,SCZ_SUBTYPE,ATXN1,SHORT,SHORT_ATXN1,PATHOLOGY_TYPE_BINARY,SCZ,Other,SCZ vs Other,203,28,231,29.014778325123153,1.0023627162726167,29,1,29.285714285714285,0.9759000729485332,29,1,0,-0.06615059817030255,0.5314163535975478,TRUE,0.6832495974825615,FALSE,FALSE
CAG__HTT__SHORT__SCZ_SUBTYPE__SCZ__vs__Other,B1_CAG_SUBTYPE_PAIRWISE,BH,SCZ_SUBTYPE,HTT,SHORT,SHORT_HTT,PATHOLOGY_TYPE_BINARY,SCZ,Other,SCZ vs Other,203,28,231,16.798029556650246,2.1853690036903144,17,1.5,16.857142857142858,2.1553428139167665,17,0.5,0,-0.04785362420830397,0.6673175289503251,TRUE,0.8100479753463412,FALSE,FALSE
CAG__ATXN2__SHORT__BD_SUBTYPE__BD-I__vs__Other,B1_CAG_SUBTYPE_PAIRWISE,BH,BD_SUBTYPE,ATXN2,SHORT,SHORT_ATXN2,PATHOLOGY_TYPE_BINARY,BD-I,Other,BD-I vs Other,214,101,315,21.911214953271028,0.8862885744193264,22,0,22.00990099009901,0.6854932458449243,22,0,0,-0.010086055334505462,0.6750399794552844,TRUE,0.8100479753463412,FALSE,FALSE
CAG__HTT__LONG__BD_SUBTYPE__Other__vs__CONTROL,B1_CAG_SUBTYPE_PAIRWISE,BH,BD_SUBTYPE,HTT,LONG,LONG_HTT,PATHOLOGY_TYPE_BINARY,Other,CONTROL,Other vs CONTROL,101,1035,1136,19.821782178217823,3.4362655299145914,19,5,19.682125603864733,3.354378662650992,19,5,0,0.020012436026211278,0.7360002424386709,TRUE,0.8547099589610372,FALSE,FALSE
CAG__ATXN1__LONG__BD_SUBTYPE__BD-I__vs__CONTROL,B1_CAG_SUBTYPE_PAIRWISE,BH,BD_SUBTYPE,ATXN1,LONG,LONG_ATXN1,PATHOLOGY_TYPE_BINARY,BD-I,CONTROL,BD-I vs CONTROL,215,940,1155,30.49767441860465,1.4910148917834807,30,1,30.564893617021276,1.4078138436158998,30,1,0,-0.010415635823849634,0.7990107474056674,TRUE,0.8851345925604788,FALSE,FALSE
CAG__ATXN2__SHORT__SCZ_SUBTYPE__SCZ__vs__Other,B1_CAG_SUBTYPE_PAIRWISE,BH,SCZ_SUBTYPE,ATXN2,SHORT,SHORT_ATXN2,PATHOLOGY_TYPE_BINARY,SCZ,Other,SCZ vs Other,203,28,231,21.980295566502463,1.1602346601715599,22,0,22.142857142857142,0.44839513942303283,22,0,0,0.018472906403940836,0.8113733765137723,TRUE,0.8851345925604788,FALSE,FALSE
CAG__ATXN1__SHORT__SCZ_SUBTYPE__Other__vs__CONTROL,B1_CAG_SUBTYPE_PAIRWISE,BH,SCZ_SUBTYPE,ATXN1,SHORT,SHORT_ATXN1,PATHOLOGY_TYPE_BINARY,Other,CONTROL,Other vs CONTROL,28,940,968,29.285714285714285,0.9759000729485332,29,1,29.181914893617023,1.093057067159631,29,1,0,-0.014019756838905773,0.8857246170056526,TRUE,0.9378260650648087,FALSE,FALSE
CAG__ATXN1__SHORT__BD_SUBTYPE__Other__vs__CONTROL,B1_CAG_SUBTYPE_PAIRWISE,BH,BD_SUBTYPE,ATXN1,SHORT,SHORT_ATXN1,PATHOLOGY_TYPE_BINARY,Other,CONTROL,Other vs CONTROL,101,940,1041,29.22772277227723,0.8818297808399519,29,1,29.181914893617023,1.093057067159631,29,1,0,0.001232357278281082,0.9815381062305897,TRUE,0.99545652862435,FALSE,FALSE
CAG__HTT__LONG__SCZ_SUBTYPE__Other__vs__CONTROL,B1_CAG_SUBTYPE_PAIRWISE,BH,SCZ_SUBTYPE,HTT,LONG,LONG_HTT,PATHOLOGY_TYPE_BINARY,Other,CONTROL,Other vs CONTROL,28,1035,1063,19.464285714285715,2.9120712096648202,19,4.25,19.682125603864733,3.354378662650992,19,5,0,-6.211180124223725e-4,0.99545652862435,TRUE,0.99545652862435,FALSE,FALSE
CAG__ATXN2__LONG__SCZ_COGNITIVE__CD__vs__CONTROL,C1_CAG_COGNITIVE_PAIRWISE,BH,SCZ_COGNITIVE,ATXN2,LONG,LONG_ATXN2,CD_BINARY,CD,CONTROL,CD vs CONTROL,182,932,1114,22.697802197802197,1.3833643050321676,22,1,22.395922746781117,1.2284247623758753,22,0,0,0.2594444182427016,8.659739592076221e-15,TRUE,3.1175062531474396e-13,TRUE,TRUE
CAG__ATXN2__SHORT__SCZ_COGNITIVE__CD__vs__CONTROL,C1_CAG_COGNITIVE_PAIRWISE,BH,SCZ_COGNITIVE,ATXN2,SHORT,SHORT_ATXN2,CD_BINARY,CD,CONTROL,CD vs CONTROL,182,932,1114,22.01098901098901,0.9860295457398549,22,0,21.946351931330472,0.4897637438358138,22,0,0,0.14421897844644627,1.0005551942526836e-11,TRUE,1.8009993496548304e-10,TRUE,TRUE
CAG__ATXN2__SHORT__SCZ_COGNITIVE__No-CD__vs__CONTROL,C1_CAG_COGNITIVE_PAIRWISE,BH,SCZ_COGNITIVE,ATXN2,SHORT,SHORT_ATXN2,CD_BINARY,No-CD,CONTROL,No-CD vs CONTROL,34,932,966,21.970588235294116,1.6419739435729634,22,0,21.946351931330472,0.4897637438358138,22,0,0,0.22497475385003796,1.2101056556801382e-7,TRUE,1.4521267868161658e-6,TRUE,TRUE
CAG__ATXN2__LONG__SCZ_COGNITIVE__No-CD__vs__CONTROL,C1_CAG_COGNITIVE_PAIRWISE,BH,SCZ_COGNITIVE,ATXN2,LONG,LONG_ATXN2,CD_BINARY,No-CD,CONTROL,No-CD vs CONTROL,34,932,966,22.852941176470587,1.3513708627005947,22.5,1,22.395922746781117,1.2284247623758753,22,0,0.5,0.326527392072709,1.3622238563826272e-6,TRUE,1.2260014707443645e-5,TRUE,TRUE
CAG__ATXN2__LONG__BD_COGNITIVE__CD__vs__CONTROL,C1_CAG_COGNITIVE_PAIRWISE,BH,BD_COGNITIVE,ATXN2,LONG,LONG_ATXN2,CD_BINARY,CD,CONTROL,CD vs CONTROL,198,932,1130,22.550505050505052,1.3117875383078017,22,1,22.395922746781117,1.2284247623758753,22,0,0,0.11331664282308052,2.431190975014097e-4,TRUE,0.0017504575020101498,TRUE,TRUE
CAG__HTT__SHORT__BD_COGNITIVE__CD__vs__CONTROL,C1_CAG_COGNITIVE_PAIRWISE,BH,BD_COGNITIVE,HTT,SHORT,SHORT_HTT,CD_BINARY,CD,CONTROL,CD vs CONTROL,199,1035,1234,17.00502512562814,2.168408361586405,17,2,16.683091787439615,2.043069642735628,17,1,0,0.11510208045056203,0.006875737942118043,TRUE,0.04125442765270826,TRUE,TRUE
CAG__ATXN2__LONG__BD_COGNITIVE__No-CD__vs__CONTROL,C1_CAG_COGNITIVE_PAIRWISE,BH,BD_COGNITIVE,ATXN2,LONG,LONG_ATXN2,CD_BINARY,No-CD,CONTROL,No-CD vs CONTROL,90,932,1022,22.5,1.2384295963713638,22,1,22.395922746781117,1.2284247623758753,22,0,0,0.11225560324272776,0.008441657149755866,TRUE,0.043414236770173024,TRUE,TRUE
CAG__HTT__LONG__BD_COGNITIVE__CD__vs__CONTROL,C1_CAG_COGNITIVE_PAIRWISE,BH,BD_COGNITIVE,HTT,LONG,LONG_HTT,CD_BINARY,CD,CONTROL,CD vs CONTROL,199,1035,1234,20.281407035175878,3.5091807484660578,19,4.5,19.682125603864733,3.354378662650992,19,5,0,0.11151894739397461,0.01145995038929426,TRUE,0.04684599351045282,TRUE,TRUE
CAG__ATXN2__SHORT__BD_COGNITIVE__CD__vs__CONTROL,C1_CAG_COGNITIVE_PAIRWISE,BH,BD_COGNITIVE,ATXN2,SHORT,SHORT_ATXN2,CD_BINARY,CD,CONTROL,CD vs CONTROL,198,932,1130,21.984848484848484,0.7436859274267028,22,0,21.946351931330472,0.4897637438358138,22,0,0,0.04391555035331862,0.011711498377613205,TRUE,0.04684599351045282,TRUE,TRUE
CAG__HTT__SHORT__BD_COGNITIVE__CD__vs__No-CD,C1_CAG_COGNITIVE_PAIRWISE,BH,BD_COGNITIVE,HTT,SHORT,SHORT_HTT,CD_BINARY,CD,No-CD,CD vs No-CD,199,90,289,17.00502512562814,2.168408361586405,17,2,16.233333333333334,2.2085126420031287,17,1.75,0,0.13517587939698483,0.053088684218678406,TRUE,0.19111926318724226,FALSE,FALSE
CAG__ATXN1__SHORT__SCZ_COGNITIVE__CD__vs__CONTROL,C1_CAG_COGNITIVE_PAIRWISE,BH,SCZ_COGNITIVE,ATXN1,SHORT,SHORT_ATXN1,CD_BINARY,CD,CONTROL,CD vs CONTROL,182,940,1122,29.016483516483518,1.0744407499444337,29,1,29.181914893617023,1.093057067159631,29,1,0,-0.07737315875613748,0.0617532733842915,TRUE,0.20210162198495402,FALSE,FALSE
CAG__HTT__LONG__SCZ_COGNITIVE__CD__vs__CONTROL,C1_CAG_COGNITIVE_PAIRWISE,BH,SCZ_COGNITIVE,HTT,LONG,LONG_HTT,CD_BINARY,CD,CONTROL,CD vs CONTROL,182,1035,1217,19.983516483516482,3.301557099117372,19,5,19.682125603864733,3.354378662650992,19,5,0,0.07320167754950369,0.10999847770367022,TRUE,0.32999543311101065,FALSE,FALSE
CAG__ATXN2__SHORT__BD_COGNITIVE__CD__vs__No-CD,C1_CAG_COGNITIVE_PAIRWISE,BH,BD_COGNITIVE,ATXN2,SHORT,SHORT_ATXN2,CD_BINARY,CD,No-CD,CD vs No-CD,198,90,288,21.984848484848484,0.7436859274267028,22,0,21.866666666666667,0.9966235131514268,22,0,0,0.03658810325476991,0.13396464601065516,TRUE,0.3709790197218143,FALSE,FALSE
CAG__HTT__SHORT__SCZ_COGNITIVE__CD__vs__CONTROL,C1_CAG_COGNITIVE_PAIRWISE,BH,SCZ_COGNITIVE,HTT,SHORT,SHORT_HTT,CD_BINARY,CD,CONTROL,CD vs CONTROL,182,1035,1217,16.884615384615383,2.089935000016123,17,1,16.683091787439615,2.043069642735628,17,1,0,0.05536444232096405,0.21042756221290548,TRUE,0.5410994456903284,FALSE,FALSE
CAG__HTT__SHORT__SCZ_COGNITIVE__CD__vs__No-CD,C1_CAG_COGNITIVE_PAIRWISE,BH,SCZ_COGNITIVE,HTT,SHORT,SHORT_HTT,CD_BINARY,CD,No-CD,CD vs No-CD,182,34,216,16.884615384615383,2.089935000016123,17,1,16.08823529411765,2.2342736201337714,17,1.75,0,0.11893988364576602,0.24678082832389991,TRUE,0.5581448074872402,FALSE,FALSE
CAG__ATXN2__SHORT__SCZ_COGNITIVE__CD__vs__No-CD,C1_CAG_COGNITIVE_PAIRWISE,BH,SCZ_COGNITIVE,ATXN2,SHORT,SHORT_ATXN2,CD_BINARY,CD,No-CD,CD vs No-CD,182,34,216,22.01098901098901,0.9860295457398549,22,0,21.970588235294116,1.6419739435729634,22,0,0,-0.0833872010342599,0.24806435888321784,TRUE,0.5581448074872402,FALSE,FALSE
CAG__HTT__LONG__BD_COGNITIVE__CD__vs__No-CD,C1_CAG_COGNITIVE_PAIRWISE,BH,BD_COGNITIVE,HTT,LONG,LONG_HTT,CD_BINARY,CD,No-CD,CD vs No-CD,199,90,289,20.281407035175878,3.5091807484660578,19,4.5,19.944444444444443,3.760710879222653,19,5,0,0.07967615857063093,0.27244589676911013,TRUE,0.5589715278932852,FALSE,FALSE
CAG__HTT__LONG__SCZ_COGNITIVE__No-CD__vs__CONTROL,C1_CAG_COGNITIVE_PAIRWISE,BH,SCZ_COGNITIVE,HTT,LONG,LONG_HTT,CD_BINARY,No-CD,CONTROL,No-CD vs CONTROL,34,1035,1069,20.41176470588235,3.838541761144447,19.5,5.75,19.682125603864733,3.354378662650992,19,5,0.5,0.10738846263142943,0.2794857639466426,TRUE,0.5589715278932852,FALSE,FALSE
CAG__ATXN2__LONG__SCZ_COGNITIVE__CD__vs__No-CD,C1_CAG_COGNITIVE_PAIRWISE,BH,SCZ_COGNITIVE,ATXN2,LONG,LONG_ATXN2,CD_BINARY,CD,No-CD,CD vs No-CD,182,34,216,22.697802197802197,1.3833643050321676,22,1,22.852941176470587,1.3513708627005947,22.5,1,-0.5,-0.08791208791208793,0.36142789521281893,TRUE,0.6848107488242885,FALSE,FALSE
CAG__ATXN1__LONG__BD_COGNITIVE__No-CD__vs__CONTROL,C1_CAG_COGNITIVE_PAIRWISE,BH,BD_COGNITIVE,ATXN1,LONG,LONG_ATXN1,CD_BINARY,No-CD,CONTROL,No-CD vs CONTROL,90,940,1030,30.677777777777777,1.4286614917213911,30,1.75,30.564893617021276,1.4078138436158998,30,1,0,0.05035460992907792,0.4005217688450198,TRUE,0.7166725640318163,FALSE,FALSE
CAG__ATXN1__LONG__SCZ_COGNITIVE__CD__vs__CONTROL,C1_CAG_COGNITIVE_PAIRWISE,BH,SCZ_COGNITIVE,ATXN1,LONG,LONG_ATXN1,CD_BINARY,CD,CONTROL,CD vs CONTROL,182,940,1122,30.439560439560438,1.4080180122591524,30,1,30.564893617021276,1.4078138436158998,30,1,0,-0.03569675005845219,0.41805899568522625,TRUE,0.7166725640318163,FALSE,FALSE
CAG__ATXN1__LONG__SCZ_COGNITIVE__No-CD__vs__CONTROL,C1_CAG_COGNITIVE_PAIRWISE,BH,SCZ_COGNITIVE,ATXN1,LONG,LONG_ATXN1,CD_BINARY,No-CD,CONTROL,No-CD vs CONTROL,34,940,974,30.294117647058822,0.9701425001453319,30,1,30.564893617021276,1.4078138436158998,30,1,0,-0.06123279098873591,0.5185155525197869,TRUE,0.8174566681639808,FALSE,FALSE
CAG__HTT__SHORT__SCZ_COGNITIVE__No-CD__vs__CONTROL,C1_CAG_COGNITIVE_PAIRWISE,BH,SCZ_COGNITIVE,HTT,SHORT,SHORT_HTT,CD_BINARY,No-CD,CONTROL,No-CD vs CONTROL,34,1035,1069,16.08823529411765,2.2342736201337714,17,1.75,16.683091787439615,2.043069642735628,17,1,0,-0.05848252344416027,0.5414990136785072,TRUE,0.8174566681639808,FALSE,FALSE
CAG__HTT__LONG__BD_COGNITIVE__No-CD__vs__CONTROL,C1_CAG_COGNITIVE_PAIRWISE,BH,BD_COGNITIVE,HTT,LONG,LONG_HTT,CD_BINARY,No-CD,CONTROL,No-CD vs CONTROL,90,1035,1125,19.944444444444443,3.760710879222653,19,5,19.682125603864733,3.354378662650992,19,5,0,0.03506172839506183,0.5753495182565171,TRUE,0.8174566681639808,FALSE,FALSE
CAG__ATXN1__SHORT__BD_COGNITIVE__No-CD__vs__CONTROL,C1_CAG_COGNITIVE_PAIRWISE,BH,BD_COGNITIVE,ATXN1,SHORT,SHORT_ATXN1,CD_BINARY,No-CD,CONTROL,No-CD vs CONTROL,90,940,1030,29.211111111111112,0.7569074341820801,29,1,29.181914893617023,1.093057067159631,29,1,0,-0.031359338061465736,0.5760008133775365,TRUE,0.8174566681639808,FALSE,FALSE
CAG__ATXN1__SHORT__SCZ_COGNITIVE__No-CD__vs__CONTROL,C1_CAG_COGNITIVE_PAIRWISE,BH,SCZ_COGNITIVE,ATXN1,SHORT,SHORT_ATXN1,CD_BINARY,No-CD,CONTROL,No-CD vs CONTROL,34,940,974,29.176470588235293,0.672876603361388,29,0.75,29.181914893617023,1.093057067159631,29,1,0,-0.04655819774718395,0.5991712926804076,TRUE,0.8174566681639808,FALSE,FALSE
CAG__ATXN1__LONG__BD_COGNITIVE__CD__vs__CONTROL,C1_CAG_COGNITIVE_PAIRWISE,BH,BD_COGNITIVE,ATXN1,LONG,LONG_ATXN1,CD_BINARY,CD,CONTROL,CD vs CONTROL,199,940,1139,30.57788944723618,1.5931398284422134,30,1,30.564893617021276,1.4078138436158998,30,1,0,0.01966748636801019,0.6416723520172987,TRUE,0.8174566681639808,FALSE,FALSE
CAG__ATXN1__LONG__BD_COGNITIVE__CD__vs__No-CD,C1_CAG_COGNITIVE_PAIRWISE,BH,BD_COGNITIVE,ATXN1,LONG,LONG_ATXN1,CD_BINARY,CD,No-CD,CD vs No-CD,199,90,289,30.57788944723618,1.5931398284422134,30,1,30.677777777777777,1.4286614917213911,30,1.75,0,-0.03059743160245676,0.651298420435573,TRUE,0.8174566681639808,FALSE,FALSE
CAG__ATXN1__SHORT__BD_COGNITIVE__CD__vs__CONTROL,C1_CAG_COGNITIVE_PAIRWISE,BH,BD_COGNITIVE,ATXN1,SHORT,SHORT_ATXN1,CD_BINARY,CD,CONTROL,CD vs CONTROL,199,940,1139,29.110552763819097,1.1449666732302646,29,1,29.181914893617023,1.093057067159631,29,1,0,-0.01641184646637439,0.6801604068621673,TRUE,0.8174566681639808,FALSE,FALSE
CAG__HTT__LONG__SCZ_COGNITIVE__CD__vs__No-CD,C1_CAG_COGNITIVE_PAIRWISE,BH,SCZ_COGNITIVE,HTT,LONG,LONG_HTT,CD_BINARY,CD,No-CD,CD vs No-CD,182,34,216,19.983516483516482,3.301557099117372,19,5,20.41176470588235,3.838541761144447,19.5,5.75,-0.5,-0.04395604395604391,0.6812138901366507,TRUE,0.8174566681639808,FALSE,FALSE
CAG__ATXN1__SHORT__SCZ_COGNITIVE__CD__vs__No-CD,C1_CAG_COGNITIVE_PAIRWISE,BH,SCZ_COGNITIVE,ATXN1,SHORT,SHORT_ATXN1,CD_BINARY,CD,No-CD,CD vs No-CD,182,34,216,29.016483516483518,1.0744407499444337,29,1,29.176470588235293,0.672876603361388,29,0.75,0,-0.037168713639301854,0.7050262766420922,TRUE,0.8187401922295264,FALSE,FALSE
CAG__HTT__SHORT__BD_COGNITIVE__No-CD__vs__CONTROL,C1_CAG_COGNITIVE_PAIRWISE,BH,BD_COGNITIVE,HTT,SHORT,SHORT_HTT,CD_BINARY,No-CD,CONTROL,No-CD vs CONTROL,90,1035,1125,16.233333333333334,2.2085126420031287,17,1.75,16.683091787439615,2.043069642735628,17,1,0,-0.019667203435319358,0.7446617864552132,TRUE,0.8377445097621148,FALSE,FALSE
CAG__ATXN2__SHORT__BD_COGNITIVE__No-CD__vs__CONTROL,C1_CAG_COGNITIVE_PAIRWISE,BH,BD_COGNITIVE,ATXN2,SHORT,SHORT_ATXN2,CD_BINARY,No-CD,CONTROL,No-CD vs CONTROL,90,932,1022,21.866666666666667,0.9966235131514268,22,0,21.946351931330472,0.4897637438358138,22,0,0,0.006592751549833187,0.7931566802538437,TRUE,0.8489613393679261,FALSE,FALSE
CAG__ATXN1__LONG__SCZ_COGNITIVE__CD__vs__No-CD,C1_CAG_COGNITIVE_PAIRWISE,BH,SCZ_COGNITIVE,ATXN1,LONG,LONG_ATXN1,CD_BINARY,CD,No-CD,CD vs No-CD,182,34,216,30.439560439560438,1.4080180122591524,30,1,30.294117647058822,0.9701425001453319,30,1,0,0.025694893341952074,0.8017968205141524,TRUE,0.8489613393679261,FALSE,FALSE
CAG__ATXN1__SHORT__BD_COGNITIVE__CD__vs__No-CD,C1_CAG_COGNITIVE_PAIRWISE,BH,BD_COGNITIVE,ATXN1,SHORT,SHORT_ATXN1,CD_BINARY,CD,No-CD,CD vs No-CD,199,90,289,29.110552763819097,1.1449666732302646,29,1,29.211111111111112,0.7569074341820801,29,1,0,0.011836962590731526,0.8576887364508636,TRUE,0.8821941289208882,FALSE,FALSE
CAG__ATXN2__LONG__BD_COGNITIVE__CD__vs__No-CD,C1_CAG_COGNITIVE_PAIRWISE,BH,BD_COGNITIVE,ATXN2,LONG,LONG_ATXN2,CD_BINARY,CD,No-CD,CD vs No-CD,198,90,288,22.550505050505052,1.3117875383078017,22,1,22.5,1.2384295963713638,22,1,0,0.0031986531986532007,0.9562323501863768,TRUE,0.9562323501863768,FALSE,FALSE
