gene,PATHOLOGY,CAG_size,count,percentage,allele_position
HTT,CONTROL,8,1,0.0966183574879227,SHORT
HTT,CONTROL,9,4,0.3864734299516908,SHORT
HTT,CONTROL,10,12,1.1594202898550725,SHORT
HTT,CONTROL,11,6,0.5797101449275363,SHORT
HTT,CONTROL,12,9,0.8695652173913043,SHORT
HTT,CONTROL,13,12,1.1594202898550725,SHORT
HTT,CONTROL,14,36,3.4782608695652173,SHORT
HTT,CONTROL,15,134,12.946859903381643,SHORT
HTT,CONTROL,16,168,16.231884057971016,SHORT
HTT,CONTROL,17,458,44.2512077294686,SHORT
HTT,CONTROL,18,89,8.599033816425122,SHORT
HTT,CONTROL,19,44,4.251207729468599,SHORT
HTT,CONTROL,20,21,2.028985507246377,SHORT
HTT,CONTROL,21,10,0.966183574879227,SHORT
HTT,CONTROL,22,13,1.2560386473429952,SHORT
HTT,CONTROL,23,8,0.7729468599033816,SHORT
HTT,CONTROL,24,6,0.5797101449275363,SHORT
HTT,CONTROL,25,3,0.2898550724637681,SHORT
HTT,CONTROL,28,1,0.0966183574879227,SHORT
HTT,BD,9,1,0.303951367781155,SHORT
HTT,BD,10,8,2.43161094224924,SHORT
HTT,BD,11,1,0.303951367781155,SHORT
HTT,BD,12,3,0.9118541033434651,SHORT
HTT,BD,13,4,1.21580547112462,SHORT
HTT,BD,14,21,6.382978723404255,SHORT
HTT,BD,15,32,9.72644376899696,SHORT
HTT,BD,16,34,10.33434650455927,SHORT
HTT,BD,17,147,44.680851063829785,SHORT
HTT,BD,18,37,11.246200607902736,SHORT
HTT,BD,19,17,5.167173252279635,SHORT
HTT,BD,20,12,3.6474164133738602,SHORT
HTT,BD,21,3,0.9118541033434651,SHORT
HTT,BD,22,4,1.21580547112462,SHORT
HTT,BD,23,1,0.303951367781155,SHORT
HTT,BD,24,2,0.60790273556231,SHORT
HTT,BD,26,2,0.60790273556231,SHORT
HTT,SCZ,9,2,0.8547008547008547,SHORT
HTT,SCZ,10,1,0.42735042735042733,SHORT
HTT,SCZ,11,1,0.42735042735042733,SHORT
HTT,SCZ,12,4,1.7094017094017093,SHORT
HTT,SCZ,13,5,2.1367521367521367,SHORT
HTT,SCZ,14,3,1.2820512820512822,SHORT
HTT,SCZ,15,43,18.376068376068375,SHORT
HTT,SCZ,16,20,8.547008547008547,SHORT
HTT,SCZ,17,101,43.162393162393165,SHORT
HTT,SCZ,18,23,9.82905982905983,SHORT
HTT,SCZ,19,12,5.128205128205129,SHORT
HTT,SCZ,20,10,4.273504273504273,SHORT
HTT,SCZ,21,2,0.8547008547008547,SHORT
HTT,SCZ,23,4,1.7094017094017093,SHORT
HTT,SCZ,24,2,0.8547008547008547,SHORT
HTT,SCZ,26,1,0.42735042735042733,SHORT
HTT,CONTROL,10,1,0.0966183574879227,LONG
HTT,CONTROL,13,1,0.0966183574879227,LONG
HTT,CONTROL,14,3,0.2898550724637681,LONG
HTT,CONTROL,15,9,0.8695652173913043,LONG
HTT,CONTROL,16,46,4.444444444444445,LONG
HTT,CONTROL,17,287,27.729468599033815,LONG
HTT,CONTROL,18,159,15.36231884057971,LONG
HTT,CONTROL,19,106,10.241545893719806,LONG
HTT,CONTROL,20,106,10.241545893719806,LONG
HTT,CONTROL,21,56,5.4106280193236715,LONG
HTT,CONTROL,22,65,6.280193236714976,LONG
HTT,CONTROL,23,58,5.603864734299517,LONG
HTT,CONTROL,24,50,4.830917874396135,LONG
HTT,CONTROL,25,19,1.8357487922705313,LONG
HTT,CONTROL,26,21,2.028985507246377,LONG
HTT,CONTROL,27,13,1.2560386473429952,LONG
HTT,CONTROL,28,12,1.1594202898550725,LONG
HTT,CONTROL,29,8,0.7729468599033816,LONG
HTT,CONTROL,30,8,0.7729468599033816,LONG
HTT,CONTROL,32,3,0.2898550724637681,LONG
HTT,CONTROL,34,2,0.1932367149758454,LONG
HTT,CONTROL,37,1,0.0966183574879227,LONG
HTT,CONTROL,39,1,0.0966183574879227,LONG
HTT,BD,14,1,0.303951367781155,LONG
HTT,BD,15,2,0.60790273556231,LONG
HTT,BD,16,5,1.5197568389057752,LONG
HTT,BD,17,84,25.53191489361702,LONG
HTT,BD,18,53,16.109422492401215,LONG
HTT,BD,19,42,12.76595744680851,LONG
HTT,BD,20,40,12.158054711246201,LONG
HTT,BD,21,11,3.3434650455927053,LONG
HTT,BD,22,17,5.167173252279635,LONG
HTT,BD,23,24,7.2948328267477205,LONG
HTT,BD,24,14,4.25531914893617,LONG
HTT,BD,25,6,1.8237082066869301,LONG
HTT,BD,26,4,1.21580547112462,LONG
HTT,BD,27,6,1.8237082066869301,LONG
HTT,BD,28,6,1.8237082066869301,LONG
HTT,BD,29,6,1.8237082066869301,LONG
HTT,BD,30,2,0.60790273556231,LONG
HTT,BD,31,3,0.9118541033434651,LONG
HTT,BD,32,2,0.60790273556231,LONG
HTT,BD,36,1,0.303951367781155,LONG
HTT,SCZ,14,1,0.42735042735042733,LONG
HTT,SCZ,15,5,2.1367521367521367,LONG
HTT,SCZ,16,5,2.1367521367521367,LONG
HTT,SCZ,17,52,22.22222222222222,LONG
HTT,SCZ,18,31,13.247863247863247,LONG
HTT,SCZ,19,32,13.675213675213675,LONG
HTT,SCZ,20,33,14.102564102564102,LONG
HTT,SCZ,21,7,2.9914529914529915,LONG
HTT,SCZ,22,12,5.128205128205129,LONG
HTT,SCZ,23,19,8.11965811965812,LONG
HTT,SCZ,24,7,2.9914529914529915,LONG
HTT,SCZ,25,8,3.4188034188034186,LONG
HTT,SCZ,26,9,3.8461538461538463,LONG
HTT,SCZ,27,5,2.1367521367521367,LONG
HTT,SCZ,28,2,0.8547008547008547,LONG
HTT,SCZ,29,4,1.7094017094017093,LONG
HTT,SCZ,30,2,0.8547008547008547,LONG
