y.level,term,estimate,std.error,statistic,p.value,conf.low,conf.high,gene,inference_role
BD,SEX[T.Female],1.6795491715393316,0.21227705942256922,2.4426822593975177,0.014578566273668011,1.1079040819230235,2.5461458854110877,HTT,shape inspection; global gene-block LRT is primary
BD,AGE,0.7837121859226391,0.014844666664145854,-16.417575506374664,1.4317432591445344e-60,0.761238590552888,0.8068492559179693,HTT,shape inspection; global gene-block LRT is primary
BD,APOE_E4[T.E4+],0.8157255686997164,0.268976513151631,-0.7572307747816646,0.4489116158560545,0.4814939696488078,1.3819658092827443,HTT,shape inspection; global gene-block LRT is primary
BD,SHORT_HTT,1.543347213534448,0.29146679912346435,1.4888610790164107,0.13652395441364862,0.8716992111413785,2.7325028990283524,HTT,shape inspection; global gene-block LRT is primary
BD,I(SHORT_HTT^2),0.9905659424710223,0.015600243289445,-0.6076084808928934,0.5434471746345175,0.9607368324476683,1.0213211914480775,HTT,shape inspection; global gene-block LRT is primary
BD,LONG_HTT,0.747836770891482,0.23947127544068134,-1.2133837138498789,0.22498315002363276,0.46770121298157386,1.1957630649109143,HTT,shape inspection; global gene-block LRT is primary
BD,I(LONG_HTT^2),1.0095233815850237,0.006828780786665404,1.3879959467047065,0.16513827937101608,0.996101773541353,1.0231258341641256,HTT,shape inspection; global gene-block LRT is primary
BD,SHORT_HTT:LONG_HTT,0.995557799158389,0.017086469766860807,-0.2605627021701637,0.7944297556314481,0.9627697791203013,1.029462445706088,HTT,shape inspection; global gene-block LRT is primary
SCZ,SEX[T.Female],0.5184705500247445,0.24241297839614903,-2.709723116645826,0.006733939680935418,0.32239017016518906,0.833808645918779,HTT,shape inspection; global gene-block LRT is primary
SCZ,AGE,0.755903402232719,0.015903335123206314,-17.596415067843235,2.624182189716431e-69,0.732705339900215,0.7798359345720283,HTT,shape inspection; global gene-block LRT is primary
SCZ,APOE_E4[T.E4+],0.7572743252977301,0.3223730331070954,-0.8624471585139789,0.38844149925674787,0.40257686119567865,1.4244842638295376,HTT,shape inspection; global gene-block LRT is primary
SCZ,SHORT_HTT,1.323616576504723,0.3363169651524831,0.8336416233480244,0.40448296302376585,0.6846816328645995,2.558796318616226,HTT,shape inspection; global gene-block LRT is primary
SCZ,I(SHORT_HTT^2),0.9739456965898408,0.018571489014094646,-1.4215192902230358,0.15516584967711244,0.9391320517322239,1.0100498839926053,HTT,shape inspection; global gene-block LRT is primary
SCZ,LONG_HTT,0.7345141363303057,0.27529622473748294,-1.1207783094465884,0.26238223917585923,0.42822063113143755,1.2598902931032718,HTT,shape inspection; global gene-block LRT is primary
SCZ,I(LONG_HTT^2),0.996885748136096,0.009512605277711219,-0.3278924276451244,0.7429929993761725,0.978471640706733,1.0156463953508894,HTT,shape inspection; global gene-block LRT is primary
SCZ,SHORT_HTT:LONG_HTT,1.0296946053696328,0.022216046234707184,1.3171677051151798,0.18778241646261265,0.9858210892948014,1.0755206921833853,HTT,shape inspection; global gene-block LRT is primary
BD,SEX[T.Female],1.6761163838818007,0.2112929085594099,2.4443765984727617,0.014510271091516825,1.1077743918636982,2.536045383384049,ATXN1,shape inspection; global gene-block LRT is primary
BD,AGE,0.7834924737984105,0.01515913619424664,-16.095496470169675,2.7436187044576734e-58,0.7605562663049629,0.8071203718839801,ATXN1,shape inspection; global gene-block LRT is primary
BD,APOE_E4[T.E4+],0.8353253948749663,0.14643300862142175,-1.2287798855966903,0.21915434501266506,0.6269193602717427,1.1130115921457036,ATXN1,shape inspection; global gene-block LRT is primary
BD,SHORT_ATXN1,0.0818742051989357,0.0606719787958235,-41.24756340961842,0,0.07269474460258828,0.09221279356030311,ATXN1,shape inspection; global gene-block LRT is primary
BD,I(SHORT_ATXN1^2),0.974499353385481,0.021505264443421233,-1.2011674461085995,0.2296862544840715,0.9342782551929492,1.0164519879065332,ATXN1,shape inspection; global gene-block LRT is primary
BD,LONG_ATXN1,0.11812376593112492,0.06874361901550814,-31.072299814253952,5.702990406792129e-212,0.10323396541924178,0.13516117511408166,ATXN1,shape inspection; global gene-block LRT is primary
BD,I(LONG_ATXN1^2),0.9786534274097201,0.016962846781883815,-1.2720568744092535,0.20335291233225672,0.9466514840242011,1.0117372096744182,ATXN1,shape inspection; global gene-block LRT is primary
BD,SHORT_ATXN1:LONG_ATXN1,1.1317387679624984,0.0365909419732955,3.3821261799869675,7.192709821249247e-4,1.053416039509755,1.2158848839109717,ATXN1,shape inspection; global gene-block LRT is primary
SCZ,SEX[T.Female],0.5071431685726592,0.24113016121609773,-2.815748673069426,0.00486637194617093,0.3161405571914731,0.8135438101165386,ATXN1,shape inspection; global gene-block LRT is primary
SCZ,AGE,0.7565725815950919,0.01620434509844036,-17.21493863007009,2.0516511247385154e-66,0.7329214543888598,0.7809869226692983,ATXN1,shape inspection; global gene-block LRT is primary
SCZ,APOE_E4[T.E4+],0.7127073935447332,0.10694345028143781,-3.166947855562279,0.0015404793825106815,0.5779374457750056,0.8789045121175205,ATXN1,shape inspection; global gene-block LRT is primary
SCZ,SHORT_ATXN1,1.5384796682174406,0.0736197907299196,5.851615388921201,4.868213553035195e-9,1.3317615798421478,1.7772848573984201,ATXN1,shape inspection; global gene-block LRT is primary
SCZ,I(SHORT_ATXN1^2),0.9764765378480673,0.028515502689802637,-0.8347934803848606,0.40383399729946734,0.9233989426160375,1.0326050691225772,ATXN1,shape inspection; global gene-block LRT is primary
SCZ,LONG_ATXN1,0.2567270584125522,0.08046182391619602,-16.89921656982626,4.559238125252294e-64,0.21927161533571002,0.30058054901567677,ATXN1,shape inspection; global gene-block LRT is primary
SCZ,I(LONG_ATXN1^2),1.0095779877088635,0.023099617929861618,0.41266524899080503,0.6798518887927585,0.96488919350979,1.0563365411511751,ATXN1,shape inspection; global gene-block LRT is primary
SCZ,SHORT_ATXN1:LONG_ATXN1,1.025351810015576,0.05007866656466191,0.49992910557708553,0.6171249972730243,0.9294924450029077,1.1310972347913264,ATXN1,shape inspection; global gene-block LRT is primary
BD,SEX[T.Female],1.65692477275538,0.212584439340343,2.3753541854517715,0.017532117949512024,1.0923217676815389,2.5133617069607608,ATXN2,shape inspection; global gene-block LRT is primary
BD,AGE,0.7848431939608181,0.01512868656060955,-16.01403618870358,1.0197461445567759e-57,0.7619129148034658,0.8084635752177912,ATXN2,shape inspection; global gene-block LRT is primary
BD,APOE_E4[T.E4+],0.8791894071427255,0.26834820152754274,-0.4798054301209656,0.6313657513344859,0.5195938997341032,1.487650286170678,ATXN2,shape inspection; global gene-block LRT is primary
BD,SHORT_ATXN2,0.013204743241160641,0.10356847974190987,-41.780850585693194,0,0.010778847095265349,0.016176613558380307,ATXN2,shape inspection; global gene-block LRT is primary
BD,I(SHORT_ATXN2^2),1.0767113294492485,0.04229022567404526,1.7477166174605203,0.08051310989314897,0.9910641748770559,1.169760058280972,ATXN2,shape inspection; global gene-block LRT is primary
BD,LONG_ATXN2,10.75968420770179,0.13675953047102649,17.37214362606845,1.3412047491217e-67,8.22980607568019,14.06725786547758,ATXN2,shape inspection; global gene-block LRT is primary
BD,I(LONG_ATXN2^2),0.9257056797014497,0.03180550495586373,-2.4272192961651315,0.015215055875565743,0.8697612071256614,0.985248592844766,ATXN2,shape inspection; global gene-block LRT is primary
BD,SHORT_ATXN2:LONG_ATXN2,1.0647173964969727,0.06965186458887677,0.900326343259521,0.3679466059428321,0.9288521174469335,1.2204559941352096,ATXN2,shape inspection; global gene-block LRT is primary
SCZ,SEX[T.Female],0.49787896507781176,0.24477767193403602,-2.8491090220734883,0.004384185437485946,0.3081545935813617,0.804412684510265,ATXN2,shape inspection; global gene-block LRT is primary
SCZ,AGE,0.7591337170698423,0.016167816454442437,-17.04480889905519,3.8199062672187015e-65,0.7354551794075449,0.7835746032226032,ATXN2,shape inspection; global gene-block LRT is primary
SCZ,APOE_E4[T.E4+],0.8284924917020098,0.3265286907231191,-0.5762051238441707,0.5644765423092357,0.4368645970732837,1.5711957741713316,ATXN2,shape inspection; global gene-block LRT is primary
SCZ,SHORT_ATXN2,0.0028825259816022157,0.1233135559770958,-47.43264636195153,0,0.0022636461595277944,0.0036706072632593334,ATXN2,shape inspection; global gene-block LRT is primary
SCZ,I(SHORT_ATXN2^2),1.1439707768962695,0.050209833315946445,2.6788646581211406,0.00738722460609402,1.0367552489197842,1.2622739453271952,ATXN2,shape inspection; global gene-block LRT is primary
SCZ,LONG_ATXN2,2166.3138594553984,0.1519035005283433,50.56356366472319,0,1608.4993292862084,2917.573947482517,ATXN2,shape inspection; global gene-block LRT is primary
SCZ,I(LONG_ATXN2^2),0.8440146853032607,0.037449866696284646,-4.528330801934823,5.945145811256279e-6,0.7842826702389232,0.908295970368119,ATXN2,shape inspection; global gene-block LRT is primary
SCZ,SHORT_ATXN2:LONG_ATXN2,1.029035943553335,0.08092565831357684,0.3536874139205794,0.7235731559412428,0.8781050997606851,1.2059091484758422,ATXN2,shape inspection; global gene-block LRT is primary
