test_id,family_id,adjustment_method,cohort_scope,predictor,group_variable,positive,reference,contrast,n_positive,n_reference,n_total,mean_positive,sd_positive,median_positive,iqr_positive,mean_reference,sd_reference,median_reference,iqr_reference,median_difference,rank_biserial,p_raw,estimable,p_adj,significant_raw,significant_adjusted,interpretation
DURATION__APOE_E4__BD_II__E4+__vs__E4-,DURATION_APOE_EXPLORATORY,BH,BD_II,APOE_E4,APOE_E4,E4+,E4-,E4+ vs E4-,17,76,93,19.647058823529413,9.393755748305548,20,10,18.19736842105263,13.238348071006548,16,15.25,4,0.163312693498452,0.29403164396330905,TRUE,0.869015515746244,FALSE,FALSE,Cross-sectional observed disease duration; not progression/time-to-event.
DURATION__APOE_E4__SCZ_CD__E4+__vs__E4-,DURATION_APOE_EXPLORATORY,BH,SCZ_CD,APOE_E4,APOE_E4,E4+,E4-,E4+ vs E4-,24,140,164,12.791666666666666,12.325227457700647,9,18,15.071428571428571,12.981249819080013,10,19.25,-1,-0.11636904761904762,0.3622072545946061,TRUE,0.869015515746244,FALSE,FALSE,Cross-sectional observed disease duration; not progression/time-to-event.
DURATION__APOE_E4__BD_I__E4+__vs__E4-,DURATION_APOE_EXPLORATORY,BH,BD_I,APOE_E4,APOE_E4,E4+,E4-,E4+ vs E4-,28,169,197,16.035714285714285,12.170036497882345,13.5,18.5,18.16568047337278,12.597089834642638,16,17,-2.5,-0.09805579036348266,0.4061212941845467,TRUE,0.869015515746244,FALSE,FALSE,Cross-sectional observed disease duration; not progression/time-to-event.
DURATION__APOE_E4__SCZ_ALL__E4+__vs__E4-,DURATION_APOE_EXPLORATORY,BH,SCZ_ALL,APOE_E4,APOE_E4,E4+,E4-,E4+ vs E4-,31,177,208,13.258064516129032,12.05810306235461,10,18,14.796610169491526,12.76640610380995,10,19,0,-0.06633861855294332,0.555417451129131,TRUE,0.869015515746244,FALSE,FALSE,Cross-sectional observed disease duration; not progression/time-to-event.
DURATION__APOE_E4__SCZ_MAIN_SUBTYPE__E4+__vs__E4-,DURATION_APOE_EXPLORATORY,BH,SCZ_MAIN_SUBTYPE,APOE_E4,APOE_E4,E4+,E4-,E4+ vs E4-,27,158,185,12.62962962962963,11.731444098097242,8,17.5,14.164556962025317,12.282689781713318,10,17.75,-2,-0.06844819503047352,0.5695484463268917,TRUE,0.869015515746244,FALSE,FALSE,Cross-sectional observed disease duration; not progression/time-to-event.
DURATION__APOE_E4__BD_NOCD__E4+__vs__E4-,DURATION_APOE_EXPLORATORY,BH,BD_NOCD,APOE_E4,APOE_E4,E4+,E4-,E4+ vs E4-,16,64,80,16.375,11.05667219374799,16.5,16.5,14.71875,10.130057036145233,13.5,14.25,3,0.0888671875,0.5838334820650264,TRUE,0.869015515746244,FALSE,FALSE,Cross-sectional observed disease duration; not progression/time-to-event.
DURATION__APOE_E4__SCZ_NOCD__E4+__vs__E4-,DURATION_APOE_EXPLORATORY,BH,SCZ_NOCD,APOE_E4,APOE_E4,E4+,E4-,E4+ vs E4-,5,25,30,11.6,8.96102672688794,8,13,11,9.848857801796104,8,13,0,0.12,0.6759009566915231,TRUE,0.869015515746244,FALSE,FALSE,Cross-sectional observed disease duration; not progression/time-to-event.
DURATION__APOE_E4__BD_ALL__E4+__vs__E4-,DURATION_APOE_EXPLORATORY,BH,BD_ALL,APOE_E4,APOE_E4,E4+,E4-,E4+ vs E4-,47,247,294,17.74468085106383,11.118859976568569,18,17,18.303643724696357,12.861397893502515,16,16.5,2,0.013007149625290723,0.8875577902878002,TRUE,0.934338741640526,FALSE,FALSE,Cross-sectional observed disease duration; not progression/time-to-event.
DURATION__APOE_E4__BD_CD__E4+__vs__E4-,DURATION_APOE_EXPLORATORY,BH,BD_CD,APOE_E4,APOE_E4,E4+,E4-,E4+ vs E4-,28,161,189,18.607142857142858,11.219491259722258,19,14.25,19.236024844720497,13.391935786113182,17,19,2,0.009760425909494233,0.934338741640526,TRUE,0.934338741640526,FALSE,FALSE,Cross-sectional observed disease duration; not progression/time-to-event.
