test_id,cohort_scope,gene,term,estimate,std.error,statistic,p.value,conf.low,conf.high,global_block_p,global_block_p_adj
ONSET_CAG_BLOCK__HTT__BD,BD,HTT,(Intercept),29.706575990614674,1.7437122217198688,17.036398334877934,1.5363636797805384e-45,26.274590374157714,33.13856160707163,0.27720790411806573,0.5544158082361315
ONSET_CAG_BLOCK__HTT__BD,BD,HTT,SEX[T.Female],1.0015435273331352,1.501517352205819,0.6670209477511584,0.5052909550190033,-1.9537525883000884,3.956839642966359,0.27720790411806573,0.5544158082361315
ONSET_CAG_BLOCK__HTT__BD,BD,HTT,COFFEE[T.Coffee],1.4308376617101388,1.460849148616442,0.9794561355395751,0.32817384869364796,-1.4444150338980648,4.306090357318342,0.27720790411806573,0.5544158082361315
ONSET_CAG_BLOCK__HTT__BD,BD,HTT,SMOKER[T.Non-smoking],-0.2527016080152061,1.4806006680191608,-0.17067506011143838,0.8645987017367421,-3.1668293712228333,2.6614261551924208,0.27720790411806573,0.5544158082361315
ONSET_CAG_BLOCK__HTT__BD,BD,HTT,APOE_E4[T.E4+],-1.114855297283799,1.9633523691104817,-0.5678325066981718,0.5705895763246027,-4.979138065330126,2.7494274707625284,0.27720790411806573,0.5544158082361315
ONSET_CAG_BLOCK__HTT__BD,BD,HTT,short_c,0.9550396146557553,0.5042933173780783,1.8938177083551238,0.059247750919184446,-0.037513737989709806,1.9475929673012202,0.27720790411806573,0.5544158082361315
ONSET_CAG_BLOCK__HTT__BD,BD,HTT,I(short_c^2),0.1711497527433694,0.09000997515191296,1.9014531717680627,0.058237117979338254,-0.0060084596102290555,0.3483079650969679,0.27720790411806573,0.5544158082361315
ONSET_CAG_BLOCK__HTT__BD,BD,HTT,long_c,0.04734352376149229,0.434365935056473,0.10899455951889285,0.913282444556878,-0.8075783049806031,0.9022653525035877,0.27720790411806573,0.5544158082361315
ONSET_CAG_BLOCK__HTT__BD,BD,HTT,I(long_c^2),-0.00918887152563961,0.052105731752022294,-0.17635049382610343,0.8601421084609702,-0.11174370808664291,0.09336596503536371,0.27720790411806573,0.5544158082361315
ONSET_CAG_BLOCK__HTT__BD,BD,HTT,short_c:long_c,-0.147960895264611,0.11475371916789051,-1.289377776489638,0.19829775772599317,-0.3738199038289333,0.0778981132997113,0.27720790411806573,0.5544158082361315
ONSET_CAG_BLOCK__ATXN1__BD,BD,ATXN1,(Intercept),28.93563489603286,1.7078034412694143,16.9431880723492,3.0895638170572163e-45,25.57437391152676,32.296895880538955,0.02656812580257744,0.13407571799785295
ONSET_CAG_BLOCK__ATXN1__BD,BD,ATXN1,SEX[T.Female],1.0842997507123946,1.4818507065256443,0.7317199674281966,0.4649303802108934,-1.8322460556393834,4.0008455570641726,0.02656812580257744,0.13407571799785295
ONSET_CAG_BLOCK__ATXN1__BD,BD,ATXN1,COFFEE[T.Coffee],1.9775158219345272,1.422692330037544,1.3899813615234304,0.16560053810684716,-0.8225957754263311,4.777627419295386,0.02656812580257744,0.13407571799785295
ONSET_CAG_BLOCK__ATXN1__BD,BD,ATXN1,SMOKER[T.Non-smoking],0.08925117114541567,1.4546898564507127,0.061354089154906845,0.9511194771158225,-2.7738372504413875,2.9523395927322187,0.02656812580257744,0.13407571799785295
ONSET_CAG_BLOCK__ATXN1__BD,BD,ATXN1,APOE_E4[T.E4+],-1.3625544869083004,1.9232808984800756,-0.7084531895393417,0.4792329361755566,-5.147913439869376,2.422804466052776,0.02656812580257744,0.13407571799785295
ONSET_CAG_BLOCK__ATXN1__BD,BD,ATXN1,short_c,3.868296021060221,1.1889735373549195,3.2534752873187784,0.001274814779993933,1.5281845854311156,6.208407456689327,0.02656812580257744,0.13407571799785295
ONSET_CAG_BLOCK__ATXN1__BD,BD,ATXN1,I(short_c^2),1.540622605750006,0.546070905029328,2.8212867441953593,0.0051134100504309915,0.46585792060292985,2.6153872908970826,0.02656812580257744,0.13407571799785295
ONSET_CAG_BLOCK__ATXN1__BD,BD,ATXN1,long_c,-2.5900114490056585,1.0357640949700049,-2.5005804522318993,0.012950887095249164,-4.628579446612666,-0.5514434513986508,0.02656812580257744,0.13407571799785295
ONSET_CAG_BLOCK__ATXN1__BD,BD,ATXN1,I(long_c^2),0.5443840590786626,0.2790009050849336,1.9511910146418376,0.051997038233394126,-0.004739355385715904,1.093507473543041,0.02656812580257744,0.13407571799785295
ONSET_CAG_BLOCK__ATXN1__BD,BD,ATXN1,short_c:long_c,-1.9087633358773541,0.670247980062656,-2.847846457812405,0.004716268480800791,-3.2279305953449056,-0.5895960764098025,0.02656812580257744,0.13407571799785295
ONSET_CAG_BLOCK__ATXN2__BD,BD,ATXN2,(Intercept),29.20464444518635,1.705255956231536,17.12625271207146,7.139683182516752e-46,25.848348697949,32.5609401924237,0.6905063612267814,0.9096806723410593
ONSET_CAG_BLOCK__ATXN2__BD,BD,ATXN2,SEX[T.Female],1.2142653501017635,1.5301516739204124,0.793558815637332,0.4281033726315099,-1.7973890218064301,4.225919722009957,0.6905063612267814,0.9096806723410593
ONSET_CAG_BLOCK__ATXN2__BD,BD,ATXN2,COFFEE[T.Coffee],1.9817589438593397,1.460037831721432,1.3573339682046333,0.17573414156139172,-0.8918969126148708,4.85541480033355,0.6905063612267814,0.9096806723410593
ONSET_CAG_BLOCK__ATXN2__BD,BD,ATXN2,SMOKER[T.Non-smoking],0.13051940741889306,1.4985960593121508,0.08709445524553222,0.9306567466667173,-2.819027000741019,3.0800658155788048,0.6905063612267814,0.9096806723410593
ONSET_CAG_BLOCK__ATXN2__BD,BD,ATXN2,APOE_E4[T.E4+],-0.36612282633843196,1.9388739989006774,-0.18883270730641602,0.8503564738938809,-4.182227108607159,3.4499814559302955,0.6905063612267814,0.9096806723410593
ONSET_CAG_BLOCK__ATXN2__BD,BD,ATXN2,short_c,1.978884979064694,2.525293377285345,0.783625774678096,0.433901466008195,-2.9914136976453056,6.949183655774694,0.6905063612267814,0.9096806723410593
ONSET_CAG_BLOCK__ATXN2__BD,BD,ATXN2,I(short_c^2),0.0545024715608149,0.28657202045401636,0.1901876933919319,0.8492955749225524,-0.5095304233323176,0.6185353664539474,0.6905063612267814,0.9096806723410593
ONSET_CAG_BLOCK__ATXN2__BD,BD,ATXN2,long_c,-0.6300051375108946,1.4583771835188208,-0.4319905334714558,0.6660704176601729,-3.5003924955056176,2.240382220483828,0.6905063612267814,0.9096806723410593
ONSET_CAG_BLOCK__ATXN2__BD,BD,ATXN2,I(long_c^2),0.13957724637898022,0.22207157850009185,0.6285236828670648,0.5301573514390084,-0.29750546356755125,0.5766599563255117,0.6905063612267814,0.9096806723410593
ONSET_CAG_BLOCK__ATXN2__BD,BD,ATXN2,short_c:long_c,-0.3939320435536526,0.8110361655774189,-0.4857145220807655,0.6275376249733647,-1.990218644070051,1.2023545569627456,0.6905063612267814,0.9096806723410593
ONSET_CAG_BLOCK__HTT__SCZ,SCZ,HTT,(Intercept),27.25659859386728,1.1657775839245046,23.38061648269985,2.502827012921833e-61,24.95896102409757,29.554236163636993,0.9096806723410593,0.9096806723410593
ONSET_CAG_BLOCK__HTT__SCZ,SCZ,HTT,SEX[T.Female],2.9179785274125414,1.257782509373095,2.319938865159544,0.02126923259064726,0.4390079347492999,5.396949120075783,0.9096806723410593,0.9096806723410593
ONSET_CAG_BLOCK__HTT__SCZ,SCZ,HTT,COFFEE[T.Coffee],2.0510169469126205,1.2284458733587518,1.6696030255731482,0.09643322422881026,-0.37013390551312186,4.472167799338363,0.9096806723410593,0.9096806723410593
ONSET_CAG_BLOCK__HTT__SCZ,SCZ,HTT,SMOKER[T.Non-smoking],-2.188935383821214,1.2530123842557481,-1.7469383473981994,0.0820563196549497,-4.658504510172827,0.2806337425303984,0.9096806723410593,0.9096806723410593
ONSET_CAG_BLOCK__HTT__SCZ,SCZ,HTT,APOE_E4[T.E4+],2.011452847697572,1.681133362281396,1.1964861877274942,0.23280651513438871,-1.3019023121844167,5.324808007579561,0.9096806723410593,0.9096806723410593
ONSET_CAG_BLOCK__HTT__SCZ,SCZ,HTT,short_c,-0.4416261786253058,0.5056309503830629,-0.8734160325643288,0.3833974335078172,-1.4381770508144271,0.5549246935638155,0.9096806723410593,0.9096806723410593
ONSET_CAG_BLOCK__HTT__SCZ,SCZ,HTT,I(short_c^2),-0.07782168041228363,0.11140315280714162,-0.6985590483871367,0.4855721743781283,-0.2973867782577927,0.1417434174332254,0.9096806723410593,0.9096806723410593
ONSET_CAG_BLOCK__HTT__SCZ,SCZ,HTT,long_c,0.3798273332250224,0.4152252166744667,0.9147501596050801,0.361333479006558,-0.4385423720281264,1.1981970384781713,0.9096806723410593,0.9096806723410593
ONSET_CAG_BLOCK__HTT__SCZ,SCZ,HTT,I(long_c^2),-0.0703213276900367,0.0639237301534978,-1.1000817305432047,0.2725097988903041,-0.196308965491459,0.055666310111385606,0.9096806723410593,0.9096806723410593
ONSET_CAG_BLOCK__HTT__SCZ,SCZ,HTT,short_c:long_c,0.17530705875434938,0.16696268135454262,1.0499774999545413,0.29489103360357694,-0.1537606250985678,0.5043747426072666,0.9096806723410593,0.9096806723410593
ONSET_CAG_BLOCK__ATXN1__SCZ,SCZ,ATXN1,(Intercept),26.962654700852024,1.1535374893937504,23.373886803646435,2.6178751351011027e-61,24.689141201950715,29.236168199753333,0.04469190599928432,0.13407571799785295
ONSET_CAG_BLOCK__ATXN1__SCZ,SCZ,ATXN1,SEX[T.Female],2.9392730383561694,1.2314066290700163,2.386923189276615,0.01784433603995569,0.5122868159156675,5.366259260796671,0.04469190599928432,0.13407571799785295
ONSET_CAG_BLOCK__ATXN1__SCZ,SCZ,ATXN1,COFFEE[T.Coffee],1.7058732117022644,1.2253761135715826,1.3921221352439987,0.16530393693358725,-0.7092274339649773,4.120973857369506,0.04469190599928432,0.13407571799785295
ONSET_CAG_BLOCK__ATXN1__SCZ,SCZ,ATXN1,SMOKER[T.Non-smoking],-2.3973589871647114,1.2321093841225397,-1.9457355150914764,0.05297199505501763,-4.825730273474418,0.031012299144995925,0.04469190599928432,0.13407571799785295
ONSET_CAG_BLOCK__ATXN1__SCZ,SCZ,ATXN1,APOE_E4[T.E4+],1.6781383003628134,1.6906665162198204,0.9925897770276902,0.3220103528789146,-1.654005806012369,5.010282406737996,0.04469190599928432,0.13407571799785295
ONSET_CAG_BLOCK__ATXN1__SCZ,SCZ,ATXN1,short_c,1.6857147518574227,0.8865043584379488,1.901530134412097,0.05855124466845676,-0.06150165356930537,3.432931157284151,0.04469190599928432,0.13407571799785295
ONSET_CAG_BLOCK__ATXN1__SCZ,SCZ,ATXN1,I(short_c^2),0.13949930022509158,0.22044362960469902,0.6328116647110313,0.5275198565468431,-0.29497428408510085,0.573972884535284,0.04469190599928432,0.13407571799785295
ONSET_CAG_BLOCK__ATXN1__SCZ,SCZ,ATXN1,long_c,0.3445579816837483,0.732488583695513,0.47039365439035574,0.6385440667634252,-1.0991078706485164,1.788223834016013,0.04469190599928432,0.13407571799785295
ONSET_CAG_BLOCK__ATXN1__SCZ,SCZ,ATXN1,I(long_c^2),0.1471103966801008,0.19076875597949755,0.771145127642973,0.44145592393139854,-0.22887681299085624,0.5230976063510578,0.04469190599928432,0.13407571799785295
ONSET_CAG_BLOCK__ATXN1__SCZ,SCZ,ATXN1,short_c:long_c,-0.4682654077487406,0.3368089412729263,-1.3902998120506878,0.16585566017685696,-1.132084036597202,0.19555322109972095,0.04469190599928432,0.13407571799785295
ONSET_CAG_BLOCK__ATXN2__SCZ,SCZ,ATXN2,(Intercept),27.204555345621106,1.2052006758668081,22.57263532154507,7.407652520659876e-59,24.829157480121555,29.579953211120657,0.86455433134373,0.9096806723410593
ONSET_CAG_BLOCK__ATXN2__SCZ,SCZ,ATXN2,SEX[T.Female],2.9654085201947322,1.265211715358178,2.3438041903960976,0.019992188388326667,0.4717315183084674,5.459085522080997,0.86455433134373,0.9096806723410593
ONSET_CAG_BLOCK__ATXN2__SCZ,SCZ,ATXN2,COFFEE[T.Coffee],2.152515086394917,1.236014500007728,1.741496630000262,0.08301366806814091,-0.28361547993852376,4.588645652728358,0.86455433134373,0.9096806723410593
ONSET_CAG_BLOCK__ATXN2__SCZ,SCZ,ATXN2,SMOKER[T.Non-smoking],-2.108832946314274,1.2671127659013348,-1.6642819826806803,0.09749937910246227,-4.606256835746195,0.38859094311764686,0.86455433134373,0.9096806723410593
ONSET_CAG_BLOCK__ATXN2__SCZ,SCZ,ATXN2,APOE_E4[T.E4+],2.118170734123463,1.6902096145916616,1.2532000266932528,0.21148154862436366,-1.213158554967941,5.449500023214867,0.86455433134373,0.9096806723410593
ONSET_CAG_BLOCK__ATXN2__SCZ,SCZ,ATXN2,short_c,-1.350947971054292,2.4562420956377577,-0.5500060329775927,0.5828808929734617,-6.192093805072125,3.4901978629635417,0.86455433134373,0.9096806723410593
ONSET_CAG_BLOCK__ATXN2__SCZ,SCZ,ATXN2,I(short_c^2),-0.09596370559930262,0.29710453983340707,-0.3229964296510297,0.7470089661612473,-0.6815437702992466,0.48961635910064133,0.86455433134373,0.9096806723410593
ONSET_CAG_BLOCK__ATXN2__SCZ,SCZ,ATXN2,long_c,-0.5869377518404811,1.3749871021116784,-0.42686782366109005,0.6698988075491135,-3.296977243891389,2.1231017402104264,0.86455433134373,0.9096806723410593
ONSET_CAG_BLOCK__ATXN2__SCZ,SCZ,ATXN2,I(long_c^2),0.006998138782743686,0.2670488970597263,0.026205458475189024,0.9791175450751812,-0.5193435674260137,0.5333398449915011,0.86455433134373,0.9096806723410593
ONSET_CAG_BLOCK__ATXN2__SCZ,SCZ,ATXN2,short_c:long_c,0.9341544136071175,1.0043847562163344,0.9300762559621225,0.3533651032335092,-1.0454440498111315,2.9137528770253662,0.86455433134373,0.9096806723410593
