from,to,relation,touches_target_gene
c35b9d3e-f1aa-5442-affb-0f70e0b5928f,f8a3013b-78a1-5081-8788-16d9e894a9b3,DisGeNET Association,TRUE
c35b9d3e-f1aa-5442-affb-0f70e0b5928f,ad373bd7-5bd3-58ed-8d57-1e40ad099488,DisGeNET Association,TRUE
87106cd2-10a8-51a8-9f0b-65b666534f90,f8a3013b-78a1-5081-8788-16d9e894a9b3,DisGeNET Association,TRUE
87106cd2-10a8-51a8-9f0b-65b666534f90,7d046d7f-df29-5cd7-af49-c5fa20595018,DisGeNET Association,TRUE
5b297d55-fc40-5f21-aa75-0947df6097fc,ad373bd7-5bd3-58ed-8d57-1e40ad099488,DisGeNET Association,TRUE
c855662a-89ea-53dd-9c15-ab5258439dde,f8a3013b-78a1-5081-8788-16d9e894a9b3,GO BP,TRUE
e61899d8-60f1-55f9-9d95-5669ae0ebc25,f8a3013b-78a1-5081-8788-16d9e894a9b3,HPO,TRUE
e61899d8-60f1-55f9-9d95-5669ae0ebc25,7d046d7f-df29-5cd7-af49-c5fa20595018,HPO,TRUE
e261f63b-5328-546f-87d1-74328e54b711,f8a3013b-78a1-5081-8788-16d9e894a9b3,HPO,TRUE
5bd72a75-1c76-54c8-9ba9-336c08b581cc,f8a3013b-78a1-5081-8788-16d9e894a9b3,HPO,TRUE
5bd72a75-1c76-54c8-9ba9-336c08b581cc,7d046d7f-df29-5cd7-af49-c5fa20595018,HPO,TRUE
36baaf4f-ec07-538f-9738-0bd303196a71,f8a3013b-78a1-5081-8788-16d9e894a9b3,HPO,TRUE
36baaf4f-ec07-538f-9738-0bd303196a71,7d046d7f-df29-5cd7-af49-c5fa20595018,HPO,TRUE
508dde32-4b9b-500f-9ddf-e1a2e3003a05,f8a3013b-78a1-5081-8788-16d9e894a9b3,HPO,TRUE
508dde32-4b9b-500f-9ddf-e1a2e3003a05,7d046d7f-df29-5cd7-af49-c5fa20595018,HPO,TRUE
319894c8-0e53-5c4c-bc8c-5a2e3a2799c4,f8a3013b-78a1-5081-8788-16d9e894a9b3,KEGG Pathway,TRUE
319894c8-0e53-5c4c-bc8c-5a2e3a2799c4,7d046d7f-df29-5cd7-af49-c5fa20595018,KEGG Pathway,TRUE
33869e49-736e-55e0-ae99-aa42ce2c302f,ad373bd7-5bd3-58ed-8d57-1e40ad099488,Mammalian Phenotype,TRUE
33869e49-736e-55e0-ae99-aa42ce2c302f,7d046d7f-df29-5cd7-af49-c5fa20595018,Mammalian Phenotype,TRUE
238b3727-7f2f-5941-9e66-11cd31276063,f8a3013b-78a1-5081-8788-16d9e894a9b3,Mammalian Phenotype,TRUE
238b3727-7f2f-5941-9e66-11cd31276063,ad373bd7-5bd3-58ed-8d57-1e40ad099488,Mammalian Phenotype,TRUE
238b3727-7f2f-5941-9e66-11cd31276063,7d046d7f-df29-5cd7-af49-c5fa20595018,Mammalian Phenotype,TRUE
