name,label,kind,acc,url,library,enrichr_label,pval,zscore,combined_score,qval,logpval,overlap,overlapping_set,node_type,borderWidth,gradient_color,color,ontology_label,uri,is_target_gene
f8a3013b-78a1-5081-8788-16d9e894a9b3,ATXN1,Gene,6310,,,,NA,NA,NA,NA,NA,NA,,NA,NA,,#C5E1A5,,https://www.ncbi.nlm.nih.gov/gene/6310,TRUE
7d046d7f-df29-5cd7-af49-c5fa20595018,ATXN2,Gene,6311,,,,NA,NA,NA,NA,NA,NA,,NA,NA,,#C5E1A5,,https://www.ncbi.nlm.nih.gov/gene/6311,TRUE
ad373bd7-5bd3-58ed-8d57-1e40ad099488,HTT,Gene,3064,,,,NA,NA,NA,NA,NA,NA,,NA,NA,,#C5E1A5,,https://www.ncbi.nlm.nih.gov/gene/3064,TRUE
c35b9d3e-f1aa-5442-affb-0f70e0b5928f,Mental disorders,DisGeNET,,,DisGeNET,Mental disorders,2.5600753185936597e-12,8.314346590909091,221.9180954579891,1.386536792550326e-9,26.690984436544227,21,"CNTNAP2,ITIH3,MAOB,FAM69A,ZNF804A,HTT,NRG1,CACNA2D4,ANK3,CACNA1C,NALCN,NFKB1,NPAS3,RELN,ATXN1,ERBB4,NOS1AP,NRCAM,DMD,NCKAP5,CSMD1",NA,NA,#D2DB7D,#d2db7d,,,FALSE
87106cd2-10a8-51a8-9f0b-65b666534f90,Schizophrenia,DisGeNET,,,DisGeNET,Schizophrenia,2.8732317703551265e-24,5.8275982157765425,315.8943133179882,3.890355817060841e-21,54.206604783218474,68,"RERE,CNTNAP2,TENM4,ACSM1,GRIK5,NCAN,PIK3C2A,SYNE1,RGS5,HPGDS,LAMP3,MPC2,TRIM26,NRCAM,PRSS3,PGPEP1,CGNL1,CALN1,RBFOX1,NRG1,VRK2,ANK3,SHISA9,CAMKMT,DMTF1,NOS1AP,PLAA,TNIK,MAD1L1,VGLL4,DGKH,SDCCAG8,ITIH4,GPM6A,ITIH3,LMAN2L,MAOB,NOTCH4,KMT2C,AGAP1,CACNA1C,ITIH1,NT5C2,NALCN,LRP8,FHIT,NKAPL,NPAS3,ATXN2,RELN,ATXN1,ERBB4,DMD,CNNM2,CSMD1,OPCML,ARNT2,BCL11A,LSM1,ZNF804A,KIAA0391,PALB2,SORL1,NFKB1,MSRA,TSPAN18,STT3A,TCF4",NA,NA,#D2DB7D,#d2db7d,,,FALSE
5b297d55-fc40-5f21-aa75-0947df6097fc,Unipolar Depression,DisGeNET,,,DisGeNET,Unipolar Depression,1.881846289004849e-13,6.916021733368672,202.6487930957177,1.6986799168750438e-10,29.301352845375032,27,"DPP10,RERE,GPM6A,CNTNAP2,ITIH3,TENM4,MAOB,ACSM1,NCAN,HTT,CACNA1C,ITIH1,NT5C2,LRP8,FHIT,NPAS3,SYNE1,RELN,TRIM26,CNNM2,CSMD1,TRPC7,ZNF804A,NRG1,ANK3,TCF4,DGKH",NA,NA,#D2DB7D,#d2db7d,,,FALSE
c855662a-89ea-53dd-9c15-ab5258439dde,nervous system development (GO:0007399),GO Biological Process 2021,GO:0007399,,GO_Biological_Process_2021,nervous system development (GO:0007399),2.2548232314991613e-4,3.4562897739741056,29.02339425397215,0.11707767409568881,8.39726879167325,13,"GPM6A,ARNT2,RBFOX1,NCAN,CRIM1,NRG1,ELP3,RELN,ATXN1,ERBB4,NINJ2,NRCAM,FAT4",NA,NA,#FFB8FB,#ffbafb,nervous system development,http://amigo.geneontology.org/amigo/term/GO:0007399,FALSE
e261f63b-5328-546f-87d1-74328e54b711,Decreased motor nerve conduction velocity (HP:0003431),Human Phenotype Ontology,HP:0003431,,Human_Phenotype_Ontology,Decreased motor nerve conduction velocity (HP:0003431),0.002472730409887007,12.354556803995006,74.15739093325088,0.15681243762551692,6.002432309775056,3,"ATXN1,NALCN,FAM126A",NA,NA,#A3CDFF,#b6d7ff,Decreased motor nerve conduction velocity,https://hpo.jax.org/app/browse/term/HP:0003431,FALSE
36baaf4f-ec07-538f-9738-0bd303196a71,Gaze-evoked nystagmus (HP:0000640),Human Phenotype Ontology,HP:0000640,,Human_Phenotype_Ontology,Gaze-evoked nystagmus (HP:0000640),6.348780107501086e-4,20.859901685393258,153.57221674232457,0.15681243762551692,7.362077686581838,3,"WWOX,ATXN2,ATXN1",NA,NA,#B1D4FF,#b6d7ff,Gaze-evoked nystagmus,https://hpo.jax.org/app/browse/term/HP:0000640,FALSE
508dde32-4b9b-500f-9ddf-e1a2e3003a05,Genetic anticipation (HP:0003743),Human Phenotype Ontology,HP:0003743,,Human_Phenotype_Ontology,Genetic anticipation (HP:0003743),0.002200365603735795,36.89571694599628,225.76975296298892,0.15681243762551692,6.119131748908547,2,"ATXN2,ATXN1",NA,NA,#A5CEFF,#b6d7ff,Genetic anticipation,https://hpo.jax.org/app/browse/term/HP:0003743,FALSE
e61899d8-60f1-55f9-9d95-5669ae0ebc25,Impaired vibratory sensation (HP:0002495),Human Phenotype Ontology,HP:0002495,,Human_Phenotype_Ontology,Impaired vibratory sensation (HP:0002495),0.002472730409887007,12.354556803995006,74.15739093325088,0.15681243762551692,6.002432309775056,3,"ATXN2,ATXN1,CYP7B1",NA,NA,#A3CDFF,#b6d7ff,Impaired vibratory sensation,https://hpo.jax.org/app/browse/term/HP:0002495,FALSE
5bd72a75-1c76-54c8-9ba9-336c08b581cc,Limb ataxia (HP:0002070),Human Phenotype Ontology,HP:0002070,,Human_Phenotype_Ontology,Limb ataxia (HP:0002070),0.002472730409887007,12.354556803995006,74.15739093325088,0.15681243762551692,6.002432309775056,3,"WWOX,ATXN2,ATXN1",NA,NA,#A3CDFF,#b6d7ff,Limb ataxia,https://hpo.jax.org/app/browse/term/HP:0002070,FALSE
319894c8-0e53-5c4c-bc8c-5a2e3a2799c4,Spinocerebellar ataxia,KEGG 2021 Human,map05017,,KEGG_2021_Human,Spinocerebellar ataxia,0.00978241564238061,4.051589262187088,18.74738753475627,0.31216880470935054,4.627168827236018,5,"ATXN2,ATXN1,RELN,ITPR2,PLCB2",NA,NA,#AEA3C6,#d7d2e3,,https://www.genome.jp/entry/map05017,FALSE
33869e49-736e-55e0-ae99-aa42ce2c302f,hyperactivity MP:0001399,MGI Mammalian Phenotype Level 4 2021,MP:0001399,,MGI_Mammalian_Phenotype_Level_4_2021,hyperactivity MP:0001399,1.7803743530692362e-6,3.666186131386861,48.535490329101705,0.0023322904025206994,13.238686905059424,21,"CNTNAP2,MAOB,WSCD2,LSM1,ZNF804A,HTT,NRG1,CACNA2D4,SHISA9,SORL1,NPAS3,PTPRG,ATXN2,ERBB4,SMARCAD1,CDH13,TCF4,DMD,MACROD2,PRSS3,CSMD1",NA,NA,#FF9600,#ff9600,hyperactivity,http://www.informatics.jax.org/vocab/mp_ontology/MP:0001399,FALSE
238b3727-7f2f-5941-9e66-11cd31276063,impaired coordination MP:0001405,MGI Mammalian Phenotype Level 4 2021,MP:0001405,,MGI_Mammalian_Phenotype_Level_4_2021,impaired coordination MP:0001405,1.8165732559693063e-4,3.76350708608097,32.416548549629034,0.06387107024350448,8.61338847202362,12,"VIPR1,ATXN2,RELN,ATXN1,HTT,NRCAM,DMD,CACNA1C,NPAS3,CAMKMT,PTPRG,SYNE1",NA,NA,#FE9600,#ff9600,impaired coordination,http://www.informatics.jax.org/vocab/mp_ontology/MP:0001405,FALSE
