source_script,source_file,test_id,family_id,analysis_role,cohort,outcome,predictor,contrast,n_total,effect_type,effect_estimate,ci_low,ci_high,p_raw,p_adj,adjustment_method,secondary_p_name,secondary_p_value,significant_raw,significant_adjusted,correction_status,notes
06_Survival_age_analysis.R,06_duration_STR_master_results.csv,DURATION__ATXN2__BD_ALL__IA__vs__NORMAL,DURATION_STR_EXPLORATORY,exploratory cross-sectional STR-duration comparison,BD_ALL,Observed disease duration,ATXN2,IA vs NORMAL,293,rank_biserial,-0.42712093862815886,NA,NA,0.00405682366382122,0.08925012060406685,BH,NA,NA,TRUE,FALSE,nominal only; not correction-stable,Cross-sectional observed duration; median difference=-9.5; not a progression/time-to-event analysis
03_Genotype_stats.R,03_IA_frequency_master_results.csv,IA__ATXN1__MAIN_DIAGNOSIS__BD__vs__SCZ,A_IA_DIAGNOSIS,prespecified categorical IA comparison,IA frequency: main diagnostic comparison,Intermediate-allele carrier status,ATXN1,BD vs SCZ,563,odds_ratio,2.5648274634290265,1.2467663711555428,5.704022885786879,0.00579325387597677,0.15641785465137287,holm,NA,NA,TRUE,FALSE,nominal only; not correction-stable,OR = odds(IA in case) / odds(IA in reference)
03_Genotype_stats.R,03_IA_frequency_master_results.csv,IA__HTT__BD_SUBTYPE__BD-I__vs__CONTROL,A_IA_DIAGNOSIS,prespecified categorical IA comparison,IA frequency: BD subtype comparison,Intermediate-allele carrier status,HTT,BD-I vs CONTROL,1253,odds_ratio,2.1018370802258692,1.1370058936418266,3.752725681629796,0.01090221675760576,0.28345763569774995,holm,NA,NA,TRUE,FALSE,nominal only; not correction-stable,OR = odds(IA in case) / odds(IA in reference)
06_Survival_age_analysis.R,06_duration_STR_master_results.csv,DURATION__ATXN2__BD_CD__IA__vs__NORMAL,DURATION_STR_EXPLORATORY,exploratory cross-sectional STR-duration comparison,BD_CD,Observed disease duration,ATXN2,IA vs NORMAL,188,rank_biserial,-0.500310366232154,NA,NA,0.01136625269654417,0.12502877966198592,BH,NA,NA,TRUE,FALSE,nominal only; not correction-stable,Cross-sectional observed duration; median difference=-12; not a progression/time-to-event analysis
04_CAG_repeat_sizes.R,04_CAG_pairwise_master_results.csv,CAG__HTT__LONG__SCZ_SUBTYPE__SCZ__vs__CONTROL,B1_CAG_SUBTYPE_PAIRWISE,exploratory continuous-CAG pairwise,SCZ_SUBTYPE,HTT LONG CAG repeat length,HTT,SCZ vs CONTROL,1238,rank_biserial,0.10392422836200944,NA,NA,0.01756028862434577,0.08849749313179722,BH,NA,NA,TRUE,FALSE,nominal only; not correction-stable,Wilcoxon pairwise; positive rank-biserial = larger repeats in first group; median difference=0
04_CAG_repeat_sizes.R,04_CAG_pairwise_master_results.csv,CAG__HTT__LONG__BD_SUBTYPE__BD-I__vs__CONTROL,B1_CAG_SUBTYPE_PAIRWISE,exploratory continuous-CAG pairwise,BD_SUBTYPE,HTT LONG CAG repeat length,HTT,BD-I vs CONTROL,1250,rank_biserial,0.09962026738568697,NA,NA,0.01966610958484382,0.08849749313179722,BH,NA,NA,TRUE,FALSE,nominal only; not correction-stable,Wilcoxon pairwise; positive rank-biserial = larger repeats in first group; median difference=0
04_CAG_repeat_sizes.R,04_CAG_omnibus_master_results.csv,CAG_OMNIBUS__HTT__SHORT__BD_COGNITIVE,C0_CAG_COGNITIVE_OMNIBUS,exploratory continuous-CAG omnibus,BD_COGNITIVE,HTT SHORT CAG repeat length,HTT,Omnibus: CD | No-CD | CONTROL,1324,epsilon_squared,0.00433358219790825,NA,NA,0.02101894633195933,0.063056838995878,BH,NA,NA,TRUE,FALSE,nominal only; not correction-stable,Kruskal-Wallis omnibus; allele position=SHORT
06_Survival_age_analysis.R,06_duration_STR_master_results.csv,DURATION__ATXN2__BD_I__IA__vs__NORMAL,DURATION_STR_EXPLORATORY,exploratory cross-sectional STR-duration comparison,BD_I,Observed disease duration,ATXN2,IA vs NORMAL,196,rank_biserial,-0.42096774193548386,NA,NA,0.02498245938922825,0.18320470218767387,BH,NA,NA,TRUE,FALSE,nominal only; not correction-stable,Cross-sectional observed duration; median difference=-8.5; not a progression/time-to-event analysis
04_CAG_repeat_sizes.R,04_CAG_pairwise_master_results.csv,CAG__ATXN2__SHORT__MAIN_DIAGNOSIS__BD__vs__CONTROL,A1_CAG_DIAGNOSIS_PAIRWISE,prespecified continuous-CAG pairwise,MAIN_DIAGNOSIS,ATXN2 SHORT CAG repeat length,ATXN2,BD vs CONTROL,1260,rank_biserial,0.03177666701559722,NA,NA,0.02535626310784811,0.3296314204020254,holm,NA,NA,TRUE,FALSE,nominal only; not correction-stable,Wilcoxon pairwise; positive rank-biserial = larger repeats in first group; median difference=0
06_Survival_age_analysis.R,06_onset_CAG_global_results.csv,ONSET_CAG_BLOCK__ATXN1__BD,ONSET_CAG_GLOBAL_EXPLORATORY,exploratory global age-at-onset CAG block,BD,Age at onset,ATXN1,Full CAG gene block vs covariate-only linear model,300,F_statistic,2.578728169724323,NA,NA,0.02656812580257744,0.13407571799785295,BH,NA,NA,TRUE,FALSE,nominal only; not correction-stable,delta_AIC(full-null)=-3.05; adjusted R2 full=0.02
03_Genotype_stats.R,03_IA_frequency_master_results.csv,IA__HTT__MAIN_DIAGNOSIS__BD__vs__CONTROL,A_IA_DIAGNOSIS,prespecified categorical IA comparison,IA frequency: main diagnostic comparison,Intermediate-allele carrier status,HTT,BD vs CONTROL,1367,odds_ratio,1.7802136105232942,1.029839665560004,3.015189464086257,0.03130467696083842,0.7826169240209606,holm,NA,NA,TRUE,FALSE,nominal only; not correction-stable,OR = odds(IA in case) / odds(IA in reference)
06_Survival_age_analysis.R,06_duration_STR_master_results.csv,DURATION__ATXN2__SCZ_MAIN_SUBTYPE__IA__vs__NORMAL,DURATION_STR_EXPLORATORY,exploratory cross-sectional STR-duration comparison,SCZ_MAIN_SUBTYPE,Observed disease duration,ATXN2,IA vs NORMAL,184,rank_biserial,0.6097222222222223,NA,NA,0.03689633139495618,0.202929822672259,BH,NA,NA,TRUE,FALSE,nominal only; not correction-stable,Cross-sectional observed duration; median difference=13.5; not a progression/time-to-event analysis
03_Genotype_stats.R,03_IA_frequency_master_results.csv,IA__ATXN1__BD_COGNITIVE__CD__vs__CONTROL,C_IA_COGNITIVE,exploratory categorical IA comparison,Exploratory IA frequency: cognitive status in BD,Intermediate-allele carrier status,ATXN1,CD vs CONTROL,1139,odds_ratio,1.680544747803335,0.9933143853457208,2.7663462415310405,0.03783591083975671,0.4134573775383083,BH,NA,NA,TRUE,FALSE,nominal only; not correction-stable,OR = odds(IA in case) / odds(IA in reference)
04_CAG_repeat_sizes.R,04_CAG_omnibus_master_results.csv,CAG_OMNIBUS__HTT__LONG__BD_COGNITIVE,C0_CAG_COGNITIVE_OMNIBUS,exploratory continuous-CAG omnibus,BD_COGNITIVE,HTT LONG CAG repeat length,HTT,Omnibus: CD | No-CD | CONTROL,1324,epsilon_squared,0.003398080427577,NA,NA,0.03899070001609589,0.08125053974769433,BH,NA,NA,TRUE,FALSE,nominal only; not correction-stable,Kruskal-Wallis omnibus; allele position=LONG
04_CAG_repeat_sizes.R,04_CAG_pairwise_master_results.csv,CAG__ATXN1__SHORT__MAIN_DIAGNOSIS__SCZ__vs__CONTROL,A1_CAG_DIAGNOSIS_PAIRWISE,prespecified continuous-CAG pairwise,MAIN_DIAGNOSIS,ATXN1 SHORT CAG repeat length,ATXN1,SCZ vs CONTROL,1174,rank_biserial,-0.07647299509001637,NA,NA,0.04052848907973076,0.4863418689567692,holm,NA,NA,TRUE,FALSE,nominal only; not correction-stable,Wilcoxon pairwise; positive rank-biserial = larger repeats in first group; median difference=0
04_CAG_repeat_sizes.R,04_CAG_omnibus_master_results.csv,CAG_OMNIBUS__ATXN2__SHORT__BD_COGNITIVE,C0_CAG_COGNITIVE_OMNIBUS,exploratory continuous-CAG omnibus,BD_COGNITIVE,ATXN2 SHORT CAG repeat length,ATXN2,Omnibus: CD | No-CD | CONTROL,1220,epsilon_squared,0.00362097780658299,NA,NA,0.04062526987384717,0.08125053974769433,BH,NA,NA,TRUE,FALSE,nominal only; not correction-stable,Kruskal-Wallis omnibus; allele position=SHORT
04_CAG_repeat_sizes.R,04_CAG_pairwise_master_results.csv,CAG__HTT__LONG__MAIN_DIAGNOSIS__SCZ__vs__CONTROL,A1_CAG_DIAGNOSIS_PAIRWISE,prespecified continuous-CAG pairwise,MAIN_DIAGNOSIS,HTT LONG CAG repeat length,HTT,SCZ vs CONTROL,1269,rank_biserial,0.08386390850158976,NA,NA,0.04212594132297576,0.4863418689567692,holm,NA,NA,TRUE,FALSE,nominal only; not correction-stable,Wilcoxon pairwise; positive rank-biserial = larger repeats in first group; median difference=0
04_CAG_repeat_sizes.R,04_CAG_pairwise_master_results.csv,CAG__ATXN1__SHORT__SCZ_SUBTYPE__SCZ__vs__CONTROL,B1_CAG_SUBTYPE_PAIRWISE,exploratory continuous-CAG pairwise,SCZ_SUBTYPE,ATXN1 SHORT CAG repeat length,ATXN1,SCZ vs CONTROL,1143,rank_biserial,-0.07994969080809144,NA,NA,0.04294417787405812,0.1717767114962325,BH,NA,NA,TRUE,FALSE,nominal only; not correction-stable,Wilcoxon pairwise; positive rank-biserial = larger repeats in first group; median difference=0
04_CAG_repeat_sizes.R,04_CAG_omnibus_master_results.csv,CAG_OMNIBUS__HTT__LONG__MAIN_DIAGNOSIS,A0_CAG_DIAGNOSIS_OMNIBUS,prespecified continuous-CAG omnibus,MAIN_DIAGNOSIS,HTT LONG CAG repeat length,HTT,Omnibus: BD | SCZ | CONTROL,1598,epsilon_squared,0.00266422633832904,NA,NA,0.04394921550097559,0.17579686200390238,holm,NA,NA,TRUE,FALSE,nominal only; not correction-stable,Kruskal-Wallis omnibus; allele position=LONG
06_Survival_age_analysis.R,06_onset_CAG_global_results.csv,ONSET_CAG_BLOCK__ATXN1__SCZ,ONSET_CAG_GLOBAL_EXPLORATORY,exploratory global age-at-onset CAG block,SCZ,Age at onset,ATXN1,Full CAG gene block vs covariate-only linear model,228,F_statistic,2.315992277153983,NA,NA,0.04469190599928432,0.13407571799785295,BH,NA,NA,TRUE,FALSE,nominal only; not correction-stable,delta_AIC(full-null)=-1.8; adjusted R2 full=0.06353
03_Genotype_stats.R,03_IA_frequency_master_results.csv,IA__HTT__BD_COGNITIVE__CD__vs__CONTROL,C_IA_COGNITIVE,exploratory categorical IA comparison,Exploratory IA frequency: cognitive status in BD,Intermediate-allele carrier status,HTT,CD vs CONTROL,1238,odds_ratio,1.886115470618468,0.9748538955561544,3.482488627119283,0.04853416920803236,0.4134573775383083,BH,NA,NA,TRUE,FALSE,nominal only; not correction-stable,OR = odds(IA in case) / odds(IA in reference)
